id_rota,nome_rota,tipo_registro,status_institucional,classe_base_acessibilidade,municipios,numero_pontos,natureza_calculo,motor_previsto,fonte_rede,status_revisao
ROTA-EST-008,Rota Histórica da Retirada da Laguna,Itinerário histórico reconhecido documentalmente,Reconhecido no Anexo I do Decreto Estadual nº 12.897/2009,Base institucional ou documental direta,Bela Vista | Guia Lopes da Laguna | Jardim | Nioaque | Anastácio | Aquidauana,6,"Acessibilidade rodoviária contemporânea estimada. Não representa o traçado cultural, histórico, fluvial ou oficialmente aprovado.","OSRM route service, perfil driving",OpenStreetMap contributors,Não validado em campo
ROTA-EST-009,Rota dos Pioneiros e das Memórias do Rio Paraná,Rota institucional incorporada ao estudo,Reconhecida e promovida pela Fundtur MS e Rede Brasileira de Trilhas,Base institucional ou documental direta,Taquarussu | Jateí | Naviraí | Itaquiraí | Eldorado | Mundo Novo,6,"Acessibilidade rodoviária contemporânea estimada. Não representa o traçado cultural, histórico, fluvial ou oficialmente aprovado.","OSRM route service, perfil driving",OpenStreetMap contributors,Não validado em campo
ROTA-EST-010,Rota do Cerrado,Rota institucional incorporada ao estudo,Lançada pela Fundtur MS em 2025,Base institucional ou documental direta,Costa Rica | Alcinópolis,2,"Acessibilidade rodoviária contemporânea estimada. Não representa o traçado cultural, histórico, fluvial ou oficialmente aprovado.","OSRM route service, perfil driving",OpenStreetMap contributors,Não validado em campo
ROTA-EST-014,Rota Bioceânica das Culturas de Fronteira,Corredor institucional reinterpretado no estudo,Corredor rodoviário e turístico em desenvolvimento,Base institucional ou documental direta,Campo Grande | Sidrolândia | Nioaque | Jardim | Porto Murtinho,5,"Acessibilidade rodoviária contemporânea estimada. Não representa o traçado cultural, histórico, fluvial ou oficialmente aprovado.","OSRM route service, perfil driving",OpenStreetMap contributors,Não validado em campo
ROTA-EST-021,Rota de Aviturismo nas Unidades de Conservação da Mata Atlântica,Rota institucional incorporada ao estudo,Lançada e promovida pela Fundtur MS,Base institucional ou documental direta,Jateí | Naviraí | Itaquiraí | Mundo Novo | Eldorado | Nova Andradina | Glória de Dourados,7,"Acessibilidade rodoviária contemporânea estimada. Não representa o traçado cultural, histórico, fluvial ou oficialmente aprovado.","OSRM route service, perfil driving",OpenStreetMap contributors,Não validado em campo
ROTA-EST-022,Rota de Aviturismo da Rota Bioceânica,Rota institucional incorporada ao estudo,Em estruturação pela Fundtur MS,Base institucional ou documental direta,Campo Grande | Jardim | Bonito | Porto Murtinho,4,"Acessibilidade rodoviária contemporânea estimada. Não representa o traçado cultural, histórico, fluvial ou oficialmente aprovado.","OSRM route service, perfil driving",OpenStreetMap contributors,Não validado em campo
ROTA-EST-023,Rota de Aviturismo do Pantanal Sul,Proposta autoral baseada em produto turístico institucional consolidado,"Produto turístico territorial consolidado, sem rota formal identificada com esta denominação",Base híbrida,Aquidauana | Miranda | Corumbá | Ladário | Porto Murtinho,5,"Acessibilidade rodoviária contemporânea estimada. Não representa o traçado cultural, histórico, fluvial ou oficialmente aprovado.","OSRM route service, perfil driving",OpenStreetMap contributors,Não validado em campo
ROTA-EST-024,Rota de Aviturismo da Serra da Bodoquena,Proposta autoral baseada em produto turístico institucional consolidado,"Produto turístico territorial consolidado, sem rota formal identificada com esta denominação",Base híbrida,Bonito | Jardim | Bodoquena | Miranda,4,"Acessibilidade rodoviária contemporânea estimada. Não representa o traçado cultural, histórico, fluvial ou oficialmente aprovado.","OSRM route service, perfil driving",OpenStreetMap contributors,Não validado em campo
ROTA-EST-026,Rota Pantanal Bonito,Produto turístico institucional incorporado ao estudo,Produto turístico promovido institucionalmente,Base institucional ou documental direta,Campo Grande | Aquidauana | Miranda | Bonito | Jardim | Bodoquena | Corumbá,7,"Acessibilidade rodoviária contemporânea estimada. Não representa o traçado cultural, histórico, fluvial ou oficialmente aprovado.","OSRM route service, perfil driving",OpenStreetMap contributors,Não validado em campo
