index,grupo,tipo_fonte,referencia_apa7,url,acesso,camadas_relacionadas,uso_no_projeto
0,"Projeto, equipe e PRICI",Referência APA 7,"Organização de Estados Ibero-americanos. (2026). *Programa de Rotas e Itinerários Culturais Ibero-americanos, PRICI* [Página institucional ou portal]. Recuperado em 6 de agosto de 2026, de https://oei.int/oficinas/secretaria-general/programas/programa-de-cooperacion-interinstitucional-de-rutas-e-itinerarios-culturales-euro-iberoamericanos",https://oei.int/oficinas/secretaria-general/programas/programa-de-cooperacion-interinstitucional-de-rutas-e-itinerarios-culturales-euro-iberoamericanos,6 ago. 2026,rotas_culturais_propostas | pontos_interesse_itinerarios | areas_exploratorias_influencia_cartografica | trechos_itinerarios | pre_avaliacao_cartografica_itinerarios | corredores_exploratorios_aprofundamento | polos_estruturantes_itinerarios_culturais_250km2 | articulacao_itinerarios_peic_rotas_250km2,"Fonte bibliográfica do grupo Projeto, equipe e PRICI."
1,"Projeto, equipe e PRICI",Referência APA 7,"Organização de Estados Ibero-americanos. (2026). *Declaração da I Reunião do Programa de Rotas e Itinerários Culturais Ibero-americanos, Huelva, 4 de junho de 2026* [Documento ou publicação institucional]. https://oei.int/wp-content/uploads/2023/04/2-prici-declaracao-i-reuniao-do-programa-rotas-culturais-pt-sf.pdf",https://oei.int/wp-content/uploads/2023/04/2-prici-declaracao-i-reuniao-do-programa-rotas-culturais-pt-sf.pdf,6 ago. 2026,rotas_culturais_propostas | pontos_interesse_itinerarios | areas_exploratorias_influencia_cartografica | trechos_itinerarios | pre_avaliacao_cartografica_itinerarios | corredores_exploratorios_aprofundamento | polos_estruturantes_itinerarios_culturais_250km2 | articulacao_itinerarios_peic_rotas_250km2,"Fonte bibliográfica do grupo Projeto, equipe e PRICI."
2,"Projeto, equipe e PRICI",Referência APA 7,"ORCID. (s.d.). *Carlos Busón Buesa, registro ORCID 0000-0002-1446-2252* [Página institucional ou portal]. Recuperado em 6 de agosto de 2026, de https://orcid.org/0000-0002-1446-2252",https://orcid.org/0000-0002-1446-2252,6 ago. 2026,rotas_culturais_propostas | indice_exploratorio_disponibilidade_territorial | potencial_geocientifico_territorial_250km2 | polos_estruturantes_itinerarios_culturais_250km2 | articulacao_itinerarios_peic_rotas_250km2,"Fonte bibliográfica do grupo Projeto, equipe e PRICI."
3,"Projeto, equipe e PRICI",Referência APA 7,"Universidade Estadual de Mato Grosso do Sul. (2026). *Corpo docente do Programa de Pós-Graduação em Desenvolvimento Regional e de Sistemas Produtivos* [Página institucional ou portal]. Recuperado em 6 de agosto de 2026, de https://www.uems.br/ppg/ppgdrs/Corpo-Docente",https://www.uems.br/ppg/ppgdrs/Corpo-Docente,6 ago. 2026,rotas_culturais_propostas | indice_exploratorio_disponibilidade_territorial | potencial_geocientifico_territorial_250km2 | polos_estruturantes_itinerarios_culturais_250km2 | articulacao_itinerarios_peic_rotas_250km2,"Fonte bibliográfica do grupo Projeto, equipe e PRICI."
4,"Projeto, equipe e PRICI",Referência APA 7,"Universidade Estadual de Mato Grosso do Sul. (2026). *Docentes do curso de Administração da Unidade de Ponta Porã* [Página institucional ou portal]. Recuperado em 6 de agosto de 2026, de https://www.uems.br/cursos/graduacao/administracao-bacharelado-ponta-pora/Docentes",https://www.uems.br/cursos/graduacao/administracao-bacharelado-ponta-pora/Docentes,6 ago. 2026,rotas_culturais_propostas | indice_exploratorio_disponibilidade_territorial | potencial_geocientifico_territorial_250km2 | polos_estruturantes_itinerarios_culturais_250km2 | articulacao_itinerarios_peic_rotas_250km2,"Fonte bibliográfica do grupo Projeto, equipe e PRICI."
5,"Projeto, equipe e PRICI",Referência APA 7,"ORCID. (s.d.). *Carlos Otávio Zamberlan, registro ORCID 0000-0001-9975-9612* [Página institucional ou portal]. Recuperado em 6 de agosto de 2026, de https://orcid.org/0000-0001-9975-9612",https://orcid.org/0000-0001-9975-9612,6 ago. 2026,rotas_culturais_propostas | indice_exploratorio_disponibilidade_territorial | potencial_geocientifico_territorial_250km2 | polos_estruturantes_itinerarios_culturais_250km2 | articulacao_itinerarios_peic_rotas_250km2,"Fonte bibliográfica do grupo Projeto, equipe e PRICI."
6,"Projeto, equipe e PRICI",Referência APA 7,"ORCID. (s.d.). *Moisés Centenaro, registro ORCID 0000-0003-2299-9102* [Página institucional ou portal]. Recuperado em 6 de agosto de 2026, de https://orcid.org/0000-0003-2299-9102",https://orcid.org/0000-0003-2299-9102,6 ago. 2026,rotas_culturais_propostas | indice_exploratorio_disponibilidade_territorial | potencial_geocientifico_territorial_250km2 | polos_estruturantes_itinerarios_culturais_250km2 | articulacao_itinerarios_peic_rotas_250km2,"Fonte bibliográfica do grupo Projeto, equipe e PRICI."
7,"Território, municípios e população",Referência APA 7,"IBGE. (2025). *Malha Municipal Digital 2025, Mato Grosso do Sul* [Conjunto de dados]. https://geoftp.ibge.gov.br/organizacao_do_territorio/malhas_territoriais/malhas_municipais/municipio_2025/UFs/MS/MS_Municipios_2025.zip",https://geoftp.ibge.gov.br/organizacao_do_territorio/malhas_territoriais/malhas_municipais/municipio_2025/UFs/MS/MS_Municipios_2025.zip,6 ago. 2026,municipios_limites | limite_operacional_ipg_fase3,"Fonte bibliográfica do grupo Território, municípios e população."
8,"Território, municípios e população",Referência APA 7,"IBGE. (2025). *Estimativas da população residente para os municípios e unidades da Federação* [Página institucional ou portal]. Recuperado em 6 de agosto de 2026, de https://www.ibge.gov.br/estatisticas/sociais/populacao/9103-estimativas-de-populacao.html",https://www.ibge.gov.br/estatisticas/sociais/populacao/9103-estimativas-de-populacao.html,6 ago. 2026,municipios_sedes | localidades_populacoes | limite_operacional_ipg_fase3,"Fonte bibliográfica do grupo Território, municípios e população."
9,"Território, municípios e população",Referência APA 7,"IBGE. (s.d.). *IBGE Cidades e Estados* [Página institucional ou portal]. Recuperado em 6 de agosto de 2026, de https://cidades.ibge.gov.br",https://cidades.ibge.gov.br,6 ago. 2026,municipios_sedes | localidades_populacoes | limite_operacional_ipg_fase3,"Fonte bibliográfica do grupo Território, municípios e população."
10,"Território, municípios e população",Referência APA 7,"IBGE. (s.d.). *API de Localidades, municípios brasileiros* [Serviço ou API geoespacial]. Recuperado em 6 de agosto de 2026, de https://servicodados.ibge.gov.br/api/docs/localidades",https://servicodados.ibge.gov.br/api/docs/localidades,6 ago. 2026,municipios_sedes | localidades_ibge_completas | limite_operacional_ipg_fase3,"Fonte bibliográfica do grupo Território, municípios e população."
11,"Território, municípios e população",Referência APA 7,"IBGE. (2022). *Localidades do Brasil* [Página institucional ou portal]. Recuperado em 6 de agosto de 2026, de https://www.ibge.gov.br/geociencias/organizacao-do-territorio/estrutura-territorial/27385-localidades.html",https://www.ibge.gov.br/geociencias/organizacao-do-territorio/estrutura-territorial/27385-localidades.html,6 ago. 2026,localidades_populacoes | localidades_ibge_completas,"Fonte bibliográfica do grupo Território, municípios e população."
12,"Território, municípios e população",Referência APA 7,IBGE. (2022). *Pacote vetorial Localidades do Brasil por unidades da Federação* [Conjunto de dados]. https://geoftp.ibge.gov.br/organizacao_do_territorio/estrutura_territorial/localidades/Localidades_do_Brasil/2022/Localidades_UFs_shp.zip,https://geoftp.ibge.gov.br/organizacao_do_territorio/estrutura_territorial/localidades/Localidades_do_Brasil/2022/Localidades_UFs_shp.zip,6 ago. 2026,localidades_populacoes | localidades_ibge_completas,"Fonte bibliográfica do grupo Território, municípios e população."
13,"Território, municípios e população",Referência APA 7,"PIN MS e AGRAER. (s.d.). *Estado de Mato Grosso do Sul político, limites municipais* [Serviço ou API geoespacial]. Recuperado em 6 de agosto de 2026, de https://www.pinms.ms.gov.br/arcgis/rest/services/AGRAER_SERVICOS/Estado_de_MS_Politico/MapServer/0",https://www.pinms.ms.gov.br/arcgis/rest/services/AGRAER_SERVICOS/Estado_de_MS_Politico/MapServer/0,6 ago. 2026,municipios_limites,"Fonte bibliográfica do grupo Território, municípios e população."
14,"Território, municípios e população",Referência APA 7,"PIN MS e AGRAER. (s.d.). *Sedes municipais e aglomerados rurais e urbanos* [Serviço ou API geoespacial]. Recuperado em 6 de agosto de 2026, de https://www.pinms.ms.gov.br/arcgis/rest/services/AGRAER_SERVICOS/Sede_dos_municipios_e_aglomerados_rurais_e_urbano/FeatureServer/0",https://www.pinms.ms.gov.br/arcgis/rest/services/AGRAER_SERVICOS/Sede_dos_municipios_e_aglomerados_rurais_e_urbano/FeatureServer/0,6 ago. 2026,municipios_sedes | localidades_aglomerados,"Fonte bibliográfica do grupo Território, municípios e população."
15,"Território, municípios e população",Referência APA 7,"PIN MS e AGRAER. (s.d.). *Aglomerados rurais e urbanos* [Serviço ou API geoespacial]. Recuperado em 6 de agosto de 2026, de https://www.pinms.ms.gov.br/arcgis/rest/services/AGRAER_SERVICOS/Sede_dos_municipios_e_aglomerados_rurais_e_urbano/FeatureServer/1",https://www.pinms.ms.gov.br/arcgis/rest/services/AGRAER_SERVICOS/Sede_dos_municipios_e_aglomerados_rurais_e_urbano/FeatureServer/1,6 ago. 2026,localidades_aglomerados,"Fonte bibliográfica do grupo Território, municípios e população."
16,Localidades indígenas e quilombolas,Referência APA 7,"IBGE. (2025). *Localidades Indígenas do Censo Demográfico 2022* [Página institucional ou portal]. Recuperado em 6 de agosto de 2026, de https://geoftp.ibge.gov.br/organizacao_do_territorio/estrutura_territorial/localidades/localidades_indigenas_2022",https://geoftp.ibge.gov.br/organizacao_do_territorio/estrutura_territorial/localidades/localidades_indigenas_2022,6 ago. 2026,localidades_indigenas_ibge,Fonte bibliográfica do grupo Localidades indígenas e quilombolas.
17,Localidades indígenas e quilombolas,Referência APA 7,"IBGE. (2024). *Localidades Quilombolas do Censo Demográfico 2022* [Página institucional ou portal]. Recuperado em 6 de agosto de 2026, de https://geoftp.ibge.gov.br/organizacao_do_territorio/estrutura_territorial/localidades/localidades_quilombolas_2022",https://geoftp.ibge.gov.br/organizacao_do_territorio/estrutura_territorial/localidades/localidades_quilombolas_2022,6 ago. 2026,localidades_quilombolas_ibge,Fonte bibliográfica do grupo Localidades indígenas e quilombolas.
18,Localidades indígenas e quilombolas,Referência APA 7,"IBGE. (2022). *Censo Demográfico 2022, quilombolas e indígenas, níveis geográficos e recortes territoriais* [Página institucional ou portal]. Recuperado em 6 de agosto de 2026, de https://biblioteca.ibge.gov.br/index.php/biblioteca-catalogo?id=73107&view=detalhes",https://biblioteca.ibge.gov.br/index.php/biblioteca-catalogo?id=73107&view=detalhes,6 ago. 2026,localidades_indigenas_ibge | localidades_quilombolas_ibge,Fonte bibliográfica do grupo Localidades indígenas e quilombolas.
19,Localidades indígenas e quilombolas,Referência APA 7,Fundação de Turismo de Mato Grosso do Sul. (2026). *Guia de Afroturismo Isto é Mato Grosso do Sul* [Documento ou publicação institucional]. https://www.turismo.ms.gov.br/wp-content/uploads/2026/05/Guia-Isto-e-Mato-Grosso-do-Sul-AFROTURISMO.pdf,https://www.turismo.ms.gov.br/wp-content/uploads/2026/05/Guia-Isto-e-Mato-Grosso-do-Sul-AFROTURISMO.pdf,6 ago. 2026,localidades_quilombolas_ibge | rotas_culturais_propostas | articulacao_itinerarios_peic_rotas_250km2,Fonte bibliográfica do grupo Localidades indígenas e quilombolas.
20,Educação,Referência APA 7,"INEP. (2025). *Catálogo de Escolas* [Página institucional ou portal]. Recuperado em 6 de agosto de 2026, de https://www.gov.br/inep/pt-br/acesso-a-informacao/dados-abertos/inep-data/catalogo-de-escolas",https://www.gov.br/inep/pt-br/acesso-a-informacao/dados-abertos/inep-data/catalogo-de-escolas,6 ago. 2026,escolas,Fonte bibliográfica do grupo Educação.
21,Educação,Referência APA 7,INEP. (2025). *Microdados do Censo Escolar da Educação Básica 2025* [Conjunto de dados]. https://www.gov.br/inep/pt-br/acesso-a-informacao/dados-abertos/microdados/censo-escolar,https://www.gov.br/inep/pt-br/acesso-a-informacao/dados-abertos/microdados/censo-escolar,6 ago. 2026,escolas,Fonte bibliográfica do grupo Educação.
22,Educação,Referência APA 7,INEP. (2025). *Arquivo dos microdados do Censo Escolar 2025* [Conjunto de dados]. https://download.inep.gov.br/dados_abertos/microdados_censo_escolar_2025_.zip,https://download.inep.gov.br/dados_abertos/microdados_censo_escolar_2025_.zip,6 ago. 2026,escolas,Fonte bibliográfica do grupo Educação.
23,Infraestrutura viária e hidrografia,Referência APA 7,"PIN MS e SEMADESC. (s.d.). *Rodovias estaduais de Mato Grosso do Sul* [Serviço ou API geoespacial]. Recuperado em 6 de agosto de 2026, de https://www.pinms.ms.gov.br/arcgis/rest/services/SEMADESC/SEMADESC_MAPAS/MapServer/8",https://www.pinms.ms.gov.br/arcgis/rest/services/SEMADESC/SEMADESC_MAPAS/MapServer/8,6 ago. 2026,rodovias_estaduais,Fonte bibliográfica do grupo Infraestrutura viária e hidrografia.
24,Infraestrutura viária e hidrografia,Referência APA 7,"PIN MS e SEMADESC. (s.d.). *Rodovias federais de Mato Grosso do Sul* [Serviço ou API geoespacial]. Recuperado em 6 de agosto de 2026, de https://www.pinms.ms.gov.br/arcgis/rest/services/SEMADESC/SEMADESC_MAPAS/MapServer/9",https://www.pinms.ms.gov.br/arcgis/rest/services/SEMADESC/SEMADESC_MAPAS/MapServer/9,6 ago. 2026,rodovias_federais,Fonte bibliográfica do grupo Infraestrutura viária e hidrografia.
25,Infraestrutura viária e hidrografia,Referência APA 7,"PIN MS e SEMADESC. (s.d.). *Estradas vicinais de Mato Grosso do Sul* [Serviço ou API geoespacial]. Recuperado em 6 de agosto de 2026, de https://www.pinms.ms.gov.br/arcgis/rest/services/SEMADESC/SEMADESC_MAPAS/MapServer/11",https://www.pinms.ms.gov.br/arcgis/rest/services/SEMADESC/SEMADESC_MAPAS/MapServer/11,6 ago. 2026,estradas_vicinais,Fonte bibliográfica do grupo Infraestrutura viária e hidrografia.
26,Infraestrutura viária e hidrografia,Referência APA 7,"PIN MS e AGRAER. (s.d.). *Sistema viário estadual, camadas de rodovias estaduais e federais* [Serviço ou API geoespacial]. Recuperado em 6 de agosto de 2026, de https://www.pinms.ms.gov.br/arcgis/rest/services/AGRAER_SERVICOS/Viario_MS/MapServer",https://www.pinms.ms.gov.br/arcgis/rest/services/AGRAER_SERVICOS/Viario_MS/MapServer,6 ago. 2026,rodovias_estaduais | rodovias_federais,Fonte bibliográfica do grupo Infraestrutura viária e hidrografia.
27,Infraestrutura viária e hidrografia,Referência APA 7,"PIN MS e AGRAER. (s.d.). *Estradas vicinais* [Serviço ou API geoespacial]. Recuperado em 6 de agosto de 2026, de https://www.pinms.ms.gov.br/arcgis/rest/services/AGRAER_SERVICOS/Estradas_Vicinais/MapServer/0",https://www.pinms.ms.gov.br/arcgis/rest/services/AGRAER_SERVICOS/Estradas_Vicinais/MapServer/0,6 ago. 2026,estradas_vicinais,Fonte bibliográfica do grupo Infraestrutura viária e hidrografia.
28,Infraestrutura viária e hidrografia,Referência APA 7,"AGESUL. (2026). *Sistema Rodoviário Estadual de Mato Grosso do Sul* [Página institucional ou portal]. Recuperado em 6 de agosto de 2026, de https://www.agesul.ms.gov.br/sre-ms",https://www.agesul.ms.gov.br/sre-ms,6 ago. 2026,rodovias_estaduais,Fonte bibliográfica do grupo Infraestrutura viária e hidrografia.
29,Infraestrutura viária e hidrografia,Referência APA 7,"DNIT. (s.d.). *VGeo, visualizador de informações geográficas do DNIT* [Página institucional ou portal]. Recuperado em 6 de agosto de 2026, de https://servicos.dnit.gov.br/vgeo",https://servicos.dnit.gov.br/vgeo,6 ago. 2026,rodovias_federais | condicao_pavimento,Fonte bibliográfica do grupo Infraestrutura viária e hidrografia.
30,Infraestrutura viária e hidrografia,Referência APA 7,"PIN MS e AGRAER. (s.d.). *Hidrografia de Mato Grosso do Sul* [Serviço ou API geoespacial]. Recuperado em 6 de agosto de 2026, de https://www.pinms.ms.gov.br/arcgis/rest/services/AGRAER_SERVICOS/Hidrografia_MS/FeatureServer/0",https://www.pinms.ms.gov.br/arcgis/rest/services/AGRAER_SERVICOS/Hidrografia_MS/FeatureServer/0,6 ago. 2026,rede_hidrica,Fonte bibliográfica do grupo Infraestrutura viária e hidrografia.
31,Infraestrutura viária e hidrografia,Referência APA 7,"Agência Nacional de Águas e Saneamento Básico. (s.d.). *Metadados do Sistema Nacional de Informações sobre Recursos Hídricos* [Página institucional ou portal]. Recuperado em 6 de agosto de 2026, de https://metadados.snirh.gov.br",https://metadados.snirh.gov.br,6 ago. 2026,rede_hidrica,Fonte bibliográfica do grupo Infraestrutura viária e hidrografia.
32,Patrimônio arqueológico,Referência APA 7,"IPHAN. (2026). *Cadastro de Sítios Arqueológicos* [Página institucional ou portal]. Recuperado em 6 de agosto de 2026, de https://www.gov.br/iphan/pt-br/patrimonio-cultural/patrimonio-arqueologico/cadastro-de-sitios-arqueologicos",https://www.gov.br/iphan/pt-br/patrimonio-cultural/patrimonio-arqueologico/cadastro-de-sitios-arqueologicos,6 ago. 2026,sitios_arqueologicos_pontos | sitios_arqueologicos_poligonos,Fonte bibliográfica do grupo Patrimônio arqueológico.
33,Patrimônio arqueológico,Referência APA 7,"IPHAN e IBAMA, PAMGIA. (s.d.). *Sítios arqueológicos, camada de pontos sincronizada* [Serviço ou API geoespacial]. Recuperado em 6 de agosto de 2026, de https://pamgia.ibama.gov.br/server/rest/services/BasesSincronizadas/loc_sitios_arqueologicos_iphan_p/FeatureServer/0",https://pamgia.ibama.gov.br/server/rest/services/BasesSincronizadas/loc_sitios_arqueologicos_iphan_p/FeatureServer/0,6 ago. 2026,sitios_arqueologicos_pontos,Fonte bibliográfica do grupo Patrimônio arqueológico.
34,Patrimônio arqueológico,Referência APA 7,"IPHAN e IBAMA, PAMGIA. (s.d.). *Sítios arqueológicos, camada de delimitações sincronizada* [Serviço ou API geoespacial]. Recuperado em 6 de agosto de 2026, de https://pamgia.ibama.gov.br/server/rest/services/BasesSincronizadas/lim_sitios_arqueologicos_iphan_a/FeatureServer/0",https://pamgia.ibama.gov.br/server/rest/services/BasesSincronizadas/lim_sitios_arqueologicos_iphan_a/FeatureServer/0,6 ago. 2026,sitios_arqueologicos_poligonos,Fonte bibliográfica do grupo Patrimônio arqueológico.
35,Patrimônio cultural imaterial,Referência APA 7,"IPHAN. (s.d.). *Bem Brasileiro, Banco de Referências Culturais* [Página institucional ou portal]. Recuperado em 6 de agosto de 2026, de https://bcr.iphan.gov.br",https://bcr.iphan.gov.br,6 ago. 2026,bcr_bens_culturais_ms,Fonte bibliográfica do grupo Patrimônio cultural imaterial.
36,Patrimônio cultural imaterial,Referência APA 7,"IPHAN. (s.d.). *Bens culturais imateriais registrados* [Página institucional ou portal]. Recuperado em 6 de agosto de 2026, de https://bcr.iphan.gov.br/bens-culturais",https://bcr.iphan.gov.br/bens-culturais,6 ago. 2026,bcr_bens_culturais_ms,Fonte bibliográfica do grupo Patrimônio cultural imaterial.
37,Patrimônio cultural imaterial,Referência APA 7,"IPHAN. (s.d.). *Banho de São João de Corumbá e Ladário* [Página institucional ou portal]. Recuperado em 6 de agosto de 2026, de https://bcr.iphan.gov.br/bens-culturais/banho-de-sao-joao-de-corumba-e-ladario-ms",https://bcr.iphan.gov.br/bens-culturais/banho-de-sao-joao-de-corumba-e-ladario-ms,6 ago. 2026,bcr_bens_culturais_ms,Fonte bibliográfica do grupo Patrimônio cultural imaterial.
38,Patrimônio cultural imaterial,Referência APA 7,"IPHAN. (s.d.). *Modo de Fazer Viola de Cocho associado ao Cururu e ao Siriri* [Página institucional ou portal]. Recuperado em 6 de agosto de 2026, de https://bcr.iphan.gov.br/bens-culturais/modo-de-fazer-viola-de-cocho",https://bcr.iphan.gov.br/bens-culturais/modo-de-fazer-viola-de-cocho,6 ago. 2026,bcr_bens_culturais_ms,Fonte bibliográfica do grupo Patrimônio cultural imaterial.
39,Patrimônio cultural imaterial,Referência APA 7,"IPHAN. (s.d.). *Choro* [Página institucional ou portal]. Recuperado em 6 de agosto de 2026, de https://bcr.iphan.gov.br/bens-culturais/choro",https://bcr.iphan.gov.br/bens-culturais/choro,6 ago. 2026,bcr_bens_culturais_ms,Fonte bibliográfica do grupo Patrimônio cultural imaterial.
40,Patrimônio cultural imaterial,Referência APA 7,"IPHAN. (s.d.). *Roda de Capoeira* [Página institucional ou portal]. Recuperado em 6 de agosto de 2026, de https://bcr.iphan.gov.br/bens-culturais/roda-de-capoeira",https://bcr.iphan.gov.br/bens-culturais/roda-de-capoeira,6 ago. 2026,bcr_bens_culturais_ms,Fonte bibliográfica do grupo Patrimônio cultural imaterial.
41,Patrimônio cultural imaterial,Referência APA 7,"IPHAN. (s.d.). *Ofício dos Mestres e Mestras da Capoeira* [Página institucional ou portal]. Recuperado em 6 de agosto de 2026, de https://bcr.iphan.gov.br/bens-culturais/oficio-dos-mestres-de-capoeira",https://bcr.iphan.gov.br/bens-culturais/oficio-dos-mestres-de-capoeira,6 ago. 2026,bcr_bens_culturais_ms,Fonte bibliográfica do grupo Patrimônio cultural imaterial.
42,Patrimônio cultural imaterial,Referência APA 7,"IPHAN. (s.d.). *Ofício, saberes e práticas das parteiras tradicionais do Brasil* [Página institucional ou portal]. Recuperado em 6 de agosto de 2026, de https://bcr.iphan.gov.br/bens-culturais/oficio-saberes-e-praticas-das-parteiras-tradicionais-do-brasil",https://bcr.iphan.gov.br/bens-culturais/oficio-saberes-e-praticas-das-parteiras-tradicionais-do-brasil,6 ago. 2026,bcr_bens_culturais_ms,Fonte bibliográfica do grupo Patrimônio cultural imaterial.
43,Patrimônio cultural imaterial,Referência APA 7,"IPHAN. (s.d.). *Ofício de Raizeiras e Raizeiros do Cerrado* [Página institucional ou portal]. Recuperado em 6 de agosto de 2026, de https://bcr.iphan.gov.br/bens-culturais/oficio-de-raizeiras-e-raizeiros-do-cerrado",https://bcr.iphan.gov.br/bens-culturais/oficio-de-raizeiras-e-raizeiros-do-cerrado,6 ago. 2026,bcr_bens_culturais_ms,Fonte bibliográfica do grupo Patrimônio cultural imaterial.
44,Patrimônio cultural imaterial,Referência APA 7,"IPHAN. (s.d.). *Circo de Tradição Familiar do Brasil* [Página institucional ou portal]. Recuperado em 6 de agosto de 2026, de https://bcr.iphan.gov.br/bens-culturais/circo-de-tradicao-familiar-do-brasil",https://bcr.iphan.gov.br/bens-culturais/circo-de-tradicao-familiar-do-brasil,6 ago. 2026,bcr_bens_culturais_ms,Fonte bibliográfica do grupo Patrimônio cultural imaterial.
45,Geodiversidade e patrimônio geológico,Referência APA 7,"Serviço Geológico do Brasil. (s.d.). *GEOSSIT, inventário de geossítios e sítios da geodiversidade* [Página institucional ou portal]. Recuperado em 6 de agosto de 2026, de https://www.sgb.gov.br/geossit",https://www.sgb.gov.br/geossit,6 ago. 2026,geossit_registros_ms | geossitios_compilados_niveis_precisao | inventario_geocientifico_fase3 | potencial_geocientifico_territorial_250km2,Fonte bibliográfica do grupo Geodiversidade e patrimônio geológico.
46,Geodiversidade e patrimônio geológico,Referência APA 7,"Serviço Geológico do Brasil. (s.d.). *Gruta do Lago Azul, registro 964* [Página institucional ou portal]. Recuperado em 6 de agosto de 2026, de https://www.sgb.gov.br/geossit/geossitios/ver/964",https://www.sgb.gov.br/geossit/geossitios/ver/964,6 ago. 2026,geossit_registros_ms | geossitios_compilados_niveis_precisao | inventario_geocientifico_fase3 | potencial_geocientifico_territorial_250km2,Fonte bibliográfica do grupo Geodiversidade e patrimônio geológico.
47,Geodiversidade e patrimônio geológico,Referência APA 7,"Serviço Geológico do Brasil. (s.d.). *Porto Ladário, registro 963* [Página institucional ou portal]. Recuperado em 6 de agosto de 2026, de https://www.sgb.gov.br/geossit/geossitios/ver/963",https://www.sgb.gov.br/geossit/geossitios/ver/963,6 ago. 2026,geossit_registros_ms | geossitios_compilados_niveis_precisao | inventario_geocientifico_fase3 | potencial_geocientifico_territorial_250km2,Fonte bibliográfica do grupo Geodiversidade e patrimônio geológico.
48,Geodiversidade e patrimônio geológico,Referência APA 7,"Serviço Geológico do Brasil. (s.d.). *Rochas Fosfáticas da Fazenda Ressaca e Primavera, registro 959* [Página institucional ou portal]. Recuperado em 6 de agosto de 2026, de https://www.sgb.gov.br/geossit/geossitios/ver/959",https://www.sgb.gov.br/geossit/geossitios/ver/959,6 ago. 2026,geossit_registros_ms | geossitios_compilados_niveis_precisao | inventario_geocientifico_fase3 | potencial_geocientifico_territorial_250km2,Fonte bibliográfica do grupo Geodiversidade e patrimônio geológico.
49,Geodiversidade e patrimônio geológico,Referência APA 7,"Serviço Geológico do Brasil. (s.d.). *Mineração Corcal, registro 958* [Página institucional ou portal]. Recuperado em 6 de agosto de 2026, de https://www.sgb.gov.br/geossit/geossitios/ver/958",https://www.sgb.gov.br/geossit/geossitios/ver/958,6 ago. 2026,geossit_registros_ms | geossitios_compilados_niveis_precisao | inventario_geocientifico_fase3 | potencial_geocientifico_territorial_250km2,Fonte bibliográfica do grupo Geodiversidade e patrimônio geológico.
50,Geodiversidade e patrimônio geológico,Referência APA 7,"Serviço Geológico do Brasil. (s.d.). *Formação Urucum, registro 955* [Página institucional ou portal]. Recuperado em 6 de agosto de 2026, de https://www.sgb.gov.br/geossit/geossitios/ver/955",https://www.sgb.gov.br/geossit/geossitios/ver/955,6 ago. 2026,geossit_registros_ms | geossitios_compilados_niveis_precisao | inventario_geocientifico_fase3 | potencial_geocientifico_territorial_250km2,Fonte bibliográfica do grupo Geodiversidade e patrimônio geológico.
51,Geodiversidade e patrimônio geológico,Referência APA 7,"Serviço Geológico do Brasil. (s.d.). *Porto Limoeiro, registro 953* [Página institucional ou portal]. Recuperado em 6 de agosto de 2026, de https://www.sgb.gov.br/geossit/geossitios/ver/953",https://www.sgb.gov.br/geossit/geossitios/ver/953,6 ago. 2026,geossit_registros_ms | geossitios_compilados_niveis_precisao | inventario_geocientifico_fase3 | potencial_geocientifico_territorial_250km2,Fonte bibliográfica do grupo Geodiversidade e patrimônio geológico.
52,Geodiversidade e patrimônio geológico,Referência APA 7,"Serviço Geológico do Brasil. (s.d.). *Crosta Laterítica com Inscrições Rupestres, Fazenda Figueirinha, registro 951* [Página institucional ou portal]. Recuperado em 6 de agosto de 2026, de https://www.sgb.gov.br/geossit/geossitios/ver/951",https://www.sgb.gov.br/geossit/geossitios/ver/951,6 ago. 2026,geossit_registros_ms | geossitios_compilados_niveis_precisao | inventario_geocientifico_fase3 | potencial_geocientifico_territorial_250km2,Fonte bibliográfica do grupo Geodiversidade e patrimônio geológico.
53,Geodiversidade e patrimônio geológico,Referência APA 7,"Serviço Geológico do Brasil. (s.d.). *Parque Municipal Marina Gatass, registro 1496* [Página institucional ou portal]. Recuperado em 6 de agosto de 2026, de https://www.sgb.gov.br/geossit/geossitios/ver/1496",https://www.sgb.gov.br/geossit/geossitios/ver/1496,6 ago. 2026,geossit_registros_ms | geossitios_compilados_niveis_precisao | inventario_geocientifico_fase3 | potencial_geocientifico_territorial_250km2,Fonte bibliográfica do grupo Geodiversidade e patrimônio geológico.
54,Geodiversidade e patrimônio geológico,Referência APA 7,"Rolim, F. G. e Theodorovicz, A. (2012). *Geoparque Bodoquena-Pantanal, MS, proposta* [Página institucional ou portal]. Recuperado em 6 de agosto de 2026, de https://rigeo.sgb.gov.br/handle/doc/17164",https://rigeo.sgb.gov.br/handle/doc/17164,6 ago. 2026,geodiversidade_candidatos | lugares_interesse_geologico_propostos | inventario_geocientifico_fase3 | potencial_geocientifico_territorial_250km2,Fonte bibliográfica do grupo Geodiversidade e patrimônio geológico.
55,Geodiversidade e patrimônio geológico,Referência APA 7,"Tavares, G. N. D., Boggiani, P. C., Leme, J. M., & Trindade, R. I. F. (2020). The inventory of the geological and paleontological sites in the area of the aspirant Geopark Bodoquena–Pantanal in Brazil. *Geoheritage, 12*, Article 22. https://doi.org/10.1007/s12371-020-00437-8",https://doi.org/10.1007/s12371-020-00437-8,6 ago. 2026,inventario_geocientifico_fase3 | potencial_geocientifico_territorial_250km2,Fonte bibliográfica do grupo Geodiversidade e patrimônio geológico.
56,"Festividades, turismo e inventário cultural",Referência APA 7,"Fundação de Cultura de Mato Grosso do Sul. (2026). *Carnaval 2026, blocos de rua tomam Campo Grande em três finais de semana* [Página institucional ou portal]. Recuperado em 6 de agosto de 2026, de https://www.fundacaodecultura.ms.gov.br/carnaval-2026-blocos-de-rua-tomam-campo-grande-em-tres-finais-de-semana-de-folia-cultura-e-diversidade",https://www.fundacaodecultura.ms.gov.br/carnaval-2026-blocos-de-rua-tomam-campo-grande-em-tres-finais-de-semana-de-folia-cultura-e-diversidade,6 ago. 2026,festividades_inventario_2026 | pontos_interesse_itinerarios,"Fonte bibliográfica do grupo Festividades, turismo e inventário cultural."
57,"Festividades, turismo e inventário cultural",Referência APA 7,"Fundação de Cultura de Mato Grosso do Sul. (2026). *Feijoada de Jorge celebra fé, samba e ancestralidade na Vila Carvalho* [Página institucional ou portal]. Recuperado em 6 de agosto de 2026, de https://www.fundacaodecultura.ms.gov.br/com-apoio-do-grupo-tez-feijoada-de-jorge-celebra-fe-samba-e-ancestralidade-na-vila-carvalho",https://www.fundacaodecultura.ms.gov.br/com-apoio-do-grupo-tez-feijoada-de-jorge-celebra-fe-samba-e-ancestralidade-na-vila-carvalho,6 ago. 2026,festividades_inventario_2026 | pontos_interesse_itinerarios,"Fonte bibliográfica do grupo Festividades, turismo e inventário cultural."
58,"Festividades, turismo e inventário cultural",Referência APA 7,"Prefeitura de Maracaju. (2026). *30ª Festa da Linguiça de Maracaju* [Página institucional ou portal]. Recuperado em 6 de agosto de 2026, de https://turismo.maracaju.ms.gov.br/agenda/30-festa-da-linguica-de-maracaju/1098",https://turismo.maracaju.ms.gov.br/agenda/30-festa-da-linguica-de-maracaju/1098,6 ago. 2026,festividades_inventario_2026 | pontos_interesse_itinerarios,"Fonte bibliográfica do grupo Festividades, turismo e inventário cultural."
59,"Festividades, turismo e inventário cultural",Referência APA 7,"Fundação de Cultura de Mato Grosso do Sul. (2026). *Festival América do Sul 2026 transforma Corumbá em palco da integração latino-americana* [Página institucional ou portal]. Recuperado em 6 de agosto de 2026, de https://www.fundacaodecultura.ms.gov.br/festival-america-do-sul-2026-transforma-corumba-em-palco-da-integracao-latino-americana",https://www.fundacaodecultura.ms.gov.br/festival-america-do-sul-2026-transforma-corumba-em-palco-da-integracao-latino-americana,6 ago. 2026,festividades_inventario_2026 | pontos_interesse_itinerarios,"Fonte bibliográfica do grupo Festividades, turismo e inventário cultural."
60,"Festividades, turismo e inventário cultural",Referência APA 7,"Fundação de Turismo de Mato Grosso do Sul. (2026). *III Festival de Inverno de Turismo Rural valoriza experiências autênticas* [Página institucional ou portal]. Recuperado em 6 de agosto de 2026, de https://www.turismo.ms.gov.br/iii-festival-de-inverno-de-turismo-rural-valoriza-experiencias-autenticas-na-regiao-turistica-campo-grande-dos-ipes",https://www.turismo.ms.gov.br/iii-festival-de-inverno-de-turismo-rural-valoriza-experiencias-autenticas-na-regiao-turistica-campo-grande-dos-ipes,6 ago. 2026,festividades_inventario_2026 | pontos_interesse_itinerarios,"Fonte bibliográfica do grupo Festividades, turismo e inventário cultural."
61,"Festividades, turismo e inventário cultural",Referência APA 7,Fundação de Cultura de Mato Grosso do Sul. (2026). *Relação de bens materiais e imateriais do Estado de Mato Grosso do Sul* [Documento ou publicação institucional]. https://www.fundacaodecultura.ms.gov.br/wp-content/uploads/2026/05/RELACAO-BENS-MATERIAIS-E-IMATERIAIS-DO-ESTADO-DO-MATO-GROSSO-DO-SUL-atualizado.pdf,https://www.fundacaodecultura.ms.gov.br/wp-content/uploads/2026/05/RELACAO-BENS-MATERIAIS-E-IMATERIAIS-DO-ESTADO-DO-MATO-GROSSO-DO-SUL-atualizado.pdf,6 ago. 2026,festividades_inventario_2026 | pontos_interesse_itinerarios,"Fonte bibliográfica do grupo Festividades, turismo e inventário cultural."
62,"Festividades, turismo e inventário cultural",Referência APA 7,"Fundação de Cultura de Mato Grosso do Sul. (2026). *Festival de Inverno de Bonito 2026 anuncia programação* [Página institucional ou portal]. Recuperado em 6 de agosto de 2026, de https://www.fundacaodecultura.ms.gov.br/festival-de-inverno-de-bonito-2026-anuncia-grandes-shows-nacionais-e-reforca-valorizacao-da-cultura-sul-mato-grossense",https://www.fundacaodecultura.ms.gov.br/festival-de-inverno-de-bonito-2026-anuncia-grandes-shows-nacionais-e-reforca-valorizacao-da-cultura-sul-mato-grossense,6 ago. 2026,festividades_inventario_2026 | pontos_interesse_itinerarios,"Fonte bibliográfica do grupo Festividades, turismo e inventário cultural."
63,"Festividades, turismo e inventário cultural",Referência APA 7,"Feira Central e Turística de Campo Grande. (s.d.). *Festival do Sobá* [Página institucional ou portal]. Recuperado em 6 de agosto de 2026, de https://feiracentralcg.com.br/festival-do-soba",https://feiracentralcg.com.br/festival-do-soba,6 ago. 2026,festividades_inventario_2026 | pontos_interesse_itinerarios,"Fonte bibliográfica do grupo Festividades, turismo e inventário cultural."
64,Cartografia de base e bibliotecas,Referência APA 7,"OpenStreetMap contributors. (s.d.). *OpenStreetMap, cartografia de base* [Página institucional ou portal]. Recuperado em 6 de agosto de 2026, de https://www.openstreetmap.org/copyright",https://www.openstreetmap.org/copyright,6 ago. 2026,campus_ensino_superior | patrimonio_estadual_estacoes_ferroviarias | bibliotecas_arquivos | espacos_culturais | centros_visitantes_trilhas | centros_atendimento_turista | turismo_rural_comunitario | terminais_rodoviarios | terminais_rodoviarios_fronteiras | artesanato_producao_tradicional | gastronomia_mercados_feiras | unidades_saude | bombeiros_seguranca | combustivel_oficinas_descanso | acessibilidade_servicos | acessibilidade_rodoviaria_estimada_rotas_base_externa,Fonte bibliográfica do grupo Cartografia de base e bibliotecas.
65,Cartografia de base e bibliotecas,Referência APA 7,"Esri. (s.d.). *World Imagery, serviço de imagens de satélite* [Página institucional ou portal]. Recuperado em 6 de agosto de 2026, de https://www.arcgis.com/home/item.html?id=10df2279f9684e4a9f6a7f08febac2a9",https://www.arcgis.com/home/item.html?id=10df2279f9684e4a9f6a7f08febac2a9,6 ago. 2026,dados_usuario,Fonte bibliográfica do grupo Cartografia de base e bibliotecas.
66,Cartografia de base e bibliotecas,Referência APA 7,"Leaflet. (2023). *Leaflet 1.9.4, biblioteca de mapas interativos* [Documento ou publicação institucional]. https://leafletjs.com",https://leafletjs.com,6 ago. 2026,indice_cenario_sessao | dados_usuario,Fonte bibliográfica do grupo Cartografia de base e bibliotecas.
67,Cartografia de base e bibliotecas,Referência APA 7,"Esri Leaflet. (s.d.). *Esri Leaflet* [Página institucional ou portal]. Recuperado em 6 de agosto de 2026, de https://esri.github.io/esri-leaflet",https://esri.github.io/esri-leaflet,6 ago. 2026,assentamentos_rurais_incra | terras_indigenas_poligonos | territorios_quilombolas_poligonos | sitios_arqueologicos_pontos | sitios_arqueologicos_poligonos | unidades_conservacao | cavernas_canie,Fonte bibliográfica do grupo Cartografia de base e bibliotecas.
68,Cartografia de base e bibliotecas,Referência APA 7,"JSZip. (s.d.). *JSZip, manipulação de arquivos ZIP no navegador* [Página institucional ou portal]. Recuperado em 6 de agosto de 2026, de https://stuk.github.io/jszip",https://stuk.github.io/jszip,6 ago. 2026,dados_usuario,Fonte bibliográfica do grupo Cartografia de base e bibliotecas.
69,Cartografia de base e bibliotecas,Referência APA 7,"Papa Parse. (s.d.). *Papa Parse, leitura de CSV no navegador* [Página institucional ou portal]. Recuperado em 6 de agosto de 2026, de https://www.papaparse.com",https://www.papaparse.com,6 ago. 2026,indice_cenario_sessao | dados_usuario,Fonte bibliográfica do grupo Cartografia de base e bibliotecas.
70,Cartografia de base e bibliotecas,Referência APA 7,"shpjs. (s.d.). *shpjs, leitura de Shapefile no navegador* [Página institucional ou portal]. Recuperado em 6 de agosto de 2026, de https://github.com/calvinmetcalf/shapefile-js",https://github.com/calvinmetcalf/shapefile-js,6 ago. 2026,dados_usuario,Fonte bibliográfica do grupo Cartografia de base e bibliotecas.
71,Cartografia de base e bibliotecas,Referência APA 7,"Google. (2026). *Maps URLs, abertura de vistas de mapa e imagem de satélite* [Documento ou publicação institucional]. https://developers.google.com/maps/documentation/urls/get-started?hl=pt-BR",https://developers.google.com/maps/documentation/urls/get-started?hl=pt-BR,6 ago. 2026,dados_usuario,Fonte bibliográfica do grupo Cartografia de base e bibliotecas.
72,Cartografia de base e bibliotecas,Referência APA 7,"Google. (2026). *Google Earth para Web* [Página institucional ou portal]. Recuperado em 6 de agosto de 2026, de https://earth.google.com/web",https://earth.google.com/web,6 ago. 2026,dados_usuario,Fonte bibliográfica do grupo Cartografia de base e bibliotecas.
73,Cartografia de base e bibliotecas,Referência APA 7,"Esri. (2026). *World Topographic Map, World Street Map e Light Gray Canvas* [Página institucional ou portal]. Recuperado em 6 de agosto de 2026, de https://services.arcgisonline.com/ArcGIS/rest/services",https://services.arcgisonline.com/ArcGIS/rest/services,6 ago. 2026,dados_usuario,Fonte bibliográfica do grupo Cartografia de base e bibliotecas.
74,Cartografia de base e bibliotecas,Referência APA 7,"Google. (2026). *Maps JavaScript API* [Página institucional ou portal]. Recuperado em 6 de agosto de 2026, de https://developers.google.com/maps/documentation/javascript/overview",https://developers.google.com/maps/documentation/javascript/overview,6 ago. 2026,dados_usuario,Fonte bibliográfica do grupo Cartografia de base e bibliotecas.
75,Patrimônio material e equipamentos culturais,Referência APA 7,"Instituto do Patrimônio Histórico e Artístico Nacional. (s.d.). *Bens Tombados, patrimônio material protegido pelo IPHAN* [Página institucional ou portal]. Recuperado em 6 de agosto de 2026, de https://www.gov.br/iphan/pt-br/patrimonio-cultural/patrimonio-material/bens-tombados",https://www.gov.br/iphan/pt-br/patrimonio-cultural/patrimonio-material/bens-tombados,6 ago. 2026,patrimonio_material_tombado,Fonte bibliográfica do grupo Patrimônio material e equipamentos culturais.
76,Patrimônio material e equipamentos culturais,Referência APA 7,"Instituto do Patrimônio Histórico e Artístico Nacional. (s.d.). *Patrimônio Material em Mato Grosso do Sul* [Página institucional ou portal]. Recuperado em 6 de agosto de 2026, de https://portal.iphan.gov.br/pagina/detalhes/626",https://portal.iphan.gov.br/pagina/detalhes/626,6 ago. 2026,patrimonio_material_tombado,Fonte bibliográfica do grupo Patrimônio material e equipamentos culturais.
77,Patrimônio material e equipamentos culturais,Referência APA 7,"Instituto Brasileiro de Museus. (2026). *MuseusBr, Cadastro Nacional de Museus* [Página institucional ou portal]. Recuperado em 6 de agosto de 2026, de https://cadastro.museus.gov.br",https://cadastro.museus.gov.br,6 ago. 2026,museus_pontos_memoria,Fonte bibliográfica do grupo Patrimônio material e equipamentos culturais.
78,Patrimônio material e equipamentos culturais,Referência APA 7,"Ministério da Cultura. (s.d.). *Mapa da Cultura, conjunto de dados e documentação da API* [Conjunto de dados]. Recuperado em 6 de agosto de 2026, de https://dados.cultura.gov.br/dataset/mapa-da-cultura",https://dados.cultura.gov.br/dataset/mapa-da-cultura,6 ago. 2026,espacos_culturais | artesanato_producao_tradicional,Fonte bibliográfica do grupo Patrimônio material e equipamentos culturais.
79,Natureza protegida e cavernas,Referência APA 7,"Instituto Chico Mendes de Conservação da Biodiversidade. (2026). *Dados geoespaciais do ICMBio* [Página institucional ou portal]. Recuperado em 6 de agosto de 2026, de https://www.gov.br/icmbio/pt-br/dados-icmbio/dados_geoespaciais",https://www.gov.br/icmbio/pt-br/dados-icmbio/dados_geoespaciais,6 ago. 2026,unidades_conservacao | parque_nacional_serra_bodoquena | cavernas_canie,Fonte bibliográfica do grupo Natureza protegida e cavernas.
80,Natureza protegida e cavernas,Referência APA 7,"Ministério do Meio Ambiente e IBAMA. (2026). *CNUC, polígonos de unidades de conservação no PAMGIA* [Serviço ou API geoespacial]. Recuperado em 6 de agosto de 2026, de https://pamgia.ibama.gov.br/server/rest/services/BasesSincronizadas/lim_unidades_conserva%C3%A7%C3%A3o_mma_a/FeatureServer/0",https://pamgia.ibama.gov.br/server/rest/services/BasesSincronizadas/lim_unidades_conserva%C3%A7%C3%A3o_mma_a/FeatureServer/0,6 ago. 2026,unidades_conservacao | parque_nacional_serra_bodoquena,Fonte bibliográfica do grupo Natureza protegida e cavernas.
81,Natureza protegida e cavernas,Referência APA 7,"ICMBio e CECAV. (2026). *Cadastro Nacional de Informações Espeleológicas, CANIE* [Página institucional ou portal]. Recuperado em 6 de agosto de 2026, de https://www.gov.br/icmbio/pt-br/assuntos/centros-de-pesquisa/cavernas/cadastro-nacional-de-informacoes-espeleologicas/canie",https://www.gov.br/icmbio/pt-br/assuntos/centros-de-pesquisa/cavernas/cadastro-nacional-de-informacoes-espeleologicas/canie,6 ago. 2026,cavernas_canie,Fonte bibliográfica do grupo Natureza protegida e cavernas.
82,Turismo e economia cultural,Referência APA 7,"Ministério do Turismo. (2026). *Conjuntos de dados do Cadastur* [Página institucional ou portal]. Recuperado em 6 de agosto de 2026, de https://dados.turismo.gov.br/dataset/?tags=Cadastur",https://dados.turismo.gov.br/dataset/?tags=Cadastur,6 ago. 2026,cadastur_hospedagem | cadastur_agencias_guias,Fonte bibliográfica do grupo Turismo e economia cultural.
83,Turismo e economia cultural,Referência APA 7,"Ministério do Turismo. (2026). *API Cadastur, catálogo Conecta gov.br* [Página institucional ou portal]. Recuperado em 6 de agosto de 2026, de https://www.gov.br/conecta/catalogo/apis/cadastur-cadastro-de-prestadores-de-servicos-turisticos/swagger.json/swagger_view",https://www.gov.br/conecta/catalogo/apis/cadastur-cadastro-de-prestadores-de-servicos-turisticos/swagger.json/swagger_view,6 ago. 2026,cadastur_hospedagem | cadastur_agencias_guias,Fonte bibliográfica do grupo Turismo e economia cultural.
84,Turismo e economia cultural,Referência APA 7,"Fundação de Turismo de Mato Grosso do Sul. (2026). *Informações ao turista e centros de atendimento* [Página institucional ou portal]. Recuperado em 6 de agosto de 2026, de https://www.turismo.ms.gov.br/tourist-information",https://www.turismo.ms.gov.br/tourist-information,6 ago. 2026,centros_atendimento_turista,Fonte bibliográfica do grupo Turismo e economia cultural.
85,Mobilidade multimodal,Referência APA 7,"Infra S.A. e ANTT. (2026). *Ferrovias concedidas em operação, serviço geoespacial* [Serviço ou API geoespacial]. Recuperado em 6 de agosto de 2026, de https://geo.infrasa.gov.br/server/rest/services/Ferrovias_Concedidas_em_opera%C3%A7%C3%A3o/FeatureServer",https://geo.infrasa.gov.br/server/rest/services/Ferrovias_Concedidas_em_opera%C3%A7%C3%A3o/FeatureServer,6 ago. 2026,ferrovias_operacao,Fonte bibliográfica do grupo Mobilidade multimodal.
86,Mobilidade multimodal,Referência APA 7,"Infra S.A. e ANTAQ. (2026). *Terminais e instalações portuárias, serviço geoespacial* [Serviço ou API geoespacial]. Recuperado em 6 de agosto de 2026, de https://geo.infrasa.gov.br/server/rest/services/Terminais_Portu%C3%A1rias/FeatureServer",https://geo.infrasa.gov.br/server/rest/services/Terminais_Portu%C3%A1rias/FeatureServer,6 ago. 2026,terminais_ferroviarios | instalacoes_portuarias,Fonte bibliográfica do grupo Mobilidade multimodal.
87,Mobilidade multimodal,Referência APA 7,"Infra S.A. e ANAC. (2026). *Aeroportos, serviço geoespacial* [Serviço ou API geoespacial]. Recuperado em 6 de agosto de 2026, de https://geo.infrasa.gov.br/server/rest/services/Aeroportos/FeatureServer",https://geo.infrasa.gov.br/server/rest/services/Aeroportos/FeatureServer,6 ago. 2026,aeroportos_aerodromos,Fonte bibliográfica do grupo Mobilidade multimodal.
88,Mobilidade multimodal,Referência APA 7,"Departamento Nacional de Infraestrutura de Transportes. (2026). *Conjuntos de dados abertos, condições do pavimento e obras* [Página institucional ou portal]. Recuperado em 6 de agosto de 2026, de https://www.gov.br/dnit/pt-br/acesso-a-informacao/dados-abertos/conjuntos-de-dados",https://www.gov.br/dnit/pt-br/acesso-a-informacao/dados-abertos/conjuntos-de-dados,6 ago. 2026,condicao_pavimento,Fonte bibliográfica do grupo Mobilidade multimodal.
89,Mobilidade multimodal,Referência APA 7,"Infra S.A. (2026). *Geoportal do Observatório Nacional de Transporte e Logística* [Página institucional ou portal]. Recuperado em 6 de agosto de 2026, de https://geoportal.infrasa.gov.br/ontl",https://geoportal.infrasa.gov.br/ontl,6 ago. 2026,ferrovias_operacao | terminais_ferroviarios | instalacoes_portuarias | aeroportos_aerodromos | terminais_rodoviarios_fronteiras | concessoes_rodoviarias,Fonte bibliográfica do grupo Mobilidade multimodal.
90,Paisagem e produção tradicional,Referência APA 7,"MapBiomas Brasil. (2026). *Coleção 10, uso e cobertura da terra de 1985 a 2024* [Página institucional ou portal]. Recuperado em 6 de agosto de 2026, de https://brasil.mapbiomas.org/colecoes-mapbiomas",https://brasil.mapbiomas.org/colecoes-mapbiomas,6 ago. 2026,uso_cobertura_solo | mapa_mudancas_uso_solo,Fonte bibliográfica do grupo Paisagem e produção tradicional.
91,Paisagem e produção tradicional,Referência APA 7,MapBiomas Brasil. (2026). *Downloads de mapas e camadas* [Documento ou publicação institucional]. https://brasil.mapbiomas.org/downloads,https://brasil.mapbiomas.org/downloads,6 ago. 2026,uso_cobertura_solo | mapa_mudancas_uso_solo,Fonte bibliográfica do grupo Paisagem e produção tradicional.
92,"Apoio, segurança e saúde",Referência APA 7,"Ministério da Saúde e DATASUS. (2026). *CNES, estabelecimentos de saúde* [Página institucional ou portal]. Recuperado em 6 de agosto de 2026, de https://datasus.saude.gov.br/cnes-estabelecimentos",https://datasus.saude.gov.br/cnes-estabelecimentos,6 ago. 2026,unidades_saude,"Fonte bibliográfica do grupo Apoio, segurança e saúde."
93,"Apoio, segurança e saúde",Referência APA 7,"Governo de Mato Grosso do Sul. (2024). *Decreto nº 16.448, estrutura operacional do Corpo de Bombeiros Militar* [Documento ou publicação institucional]. https://aacpdappls.net.ms.gov.br/appls/legislacao/secoge/govato.nsf/fd8600de8a55c7fc04256b210079ce25/5e7ddd6a7dc5185f04258b3300417537",https://aacpdappls.net.ms.gov.br/appls/legislacao/secoge/govato.nsf/fd8600de8a55c7fc04256b210079ce25/5e7ddd6a7dc5185f04258b3300417537,6 ago. 2026,bombeiros_seguranca,"Fonte bibliográfica do grupo Apoio, segurança e saúde."
94,"Apoio, segurança e saúde",Referência APA 7,"Polícia Civil de Mato Grosso do Sul. (2026). *Portal institucional e unidades de atendimento* [Página institucional ou portal]. Recuperado em 6 de agosto de 2026, de https://www.pc.ms.gov.br",https://www.pc.ms.gov.br,6 ago. 2026,bombeiros_seguranca,"Fonte bibliográfica do grupo Apoio, segurança e saúde."
95,Metodologia analítica do projeto,Referência APA 7,"Busón Buesa, C., Zamberlan, C. O., & Centenaro, M. (2026). *Índice exploratório de disponibilidade territorial e documental* (Versão metodológica 1.6.0) [Documento metodológico do projeto]. METODOLOGIA_E_GOVERNANCA.md",,6 ago. 2026,indice_exploratorio_disponibilidade_territorial,Fonte bibliográfica do grupo Metodologia analítica do projeto.
96,Educação superior e pesquisa,Referência APA 7,"Ministério da Educação. (2026). *e-MEC, consulta de instituições e cursos de educação superior* [Página institucional ou portal]. Recuperado em 6 de agosto de 2026, de https://emec.mec.gov.br",https://emec.mec.gov.br,6 ago. 2026,campus_ensino_superior,Fonte bibliográfica do grupo Educação superior e pesquisa.
97,Educação superior e pesquisa,Referência APA 7,"Universidade Federal de Mato Grosso do Sul. (2026). *Câmpus da UFMS* [Página institucional ou portal]. Recuperado em 6 de agosto de 2026, de https://www.ufms.br/universidade/campus-ufms",https://www.ufms.br/universidade/campus-ufms,6 ago. 2026,campus_ensino_superior,Fonte bibliográfica do grupo Educação superior e pesquisa.
98,Educação superior e pesquisa,Referência APA 7,"Universidade Estadual de Mato Grosso do Sul. (2026). *Unidades universitárias e polos* [Página institucional ou portal]. Recuperado em 6 de agosto de 2026, de https://www.uems.br/cidades",https://www.uems.br/cidades,6 ago. 2026,campus_ensino_superior,Fonte bibliográfica do grupo Educação superior e pesquisa.
99,Educação superior e pesquisa,Referência APA 7,"Universidade Federal da Grande Dourados. (2026). *Portal institucional da UFGD* [Página institucional ou portal]. Recuperado em 6 de agosto de 2026, de https://www.ufgd.edu.br",https://www.ufgd.edu.br,6 ago. 2026,campus_ensino_superior,Fonte bibliográfica do grupo Educação superior e pesquisa.
100,Educação superior e pesquisa,Referência APA 7,"Instituto Federal de Mato Grosso do Sul. (2026). *Campi do IFMS* [Página institucional ou portal]. Recuperado em 6 de agosto de 2026, de https://www.ifms.edu.br/campi",https://www.ifms.edu.br/campi,6 ago. 2026,campus_ensino_superior,Fonte bibliográfica do grupo Educação superior e pesquisa.
101,Museus e memória,Referência APA 7,"Instituto Brasileiro de Museus. (2026). *MuseusBr, registros com endereço em Mato Grosso do Sul* [Página institucional ou portal]. Recuperado em 6 de agosto de 2026, de https://cadastro.museus.gov.br/uf-endereco/ms",https://cadastro.museus.gov.br/uf-endereco/ms,6 ago. 2026,museus_pontos_memoria,Fonte bibliográfica do grupo Museus e memória.
102,Museus e memória,Referência APA 7,"Instituto Brasileiro de Museus. (2026). *Cadastro Nacional de Museus* [Página institucional ou portal]. Recuperado em 6 de agosto de 2026, de https://www.gov.br/museus/pt-br/acesso-a-informacao/acoes-e-programas/programas-projetos-acoes-obras-e-atividades/cadastro-nacional-de-museus",https://www.gov.br/museus/pt-br/acesso-a-informacao/acoes-e-programas/programas-projetos-acoes-obras-e-atividades/cadastro-nacional-de-museus,6 ago. 2026,museus_pontos_memoria,Fonte bibliográfica do grupo Museus e memória.
103,Museus e memória,Referência APA 7,MuseusBr. (2025). *Manual de uso e exportação de dados da Plataforma MuseusBr* [Documento ou publicação institucional]. https://cadastro.museus.gov.br/manual-de-uso-da-plataforma-museusbr,https://cadastro.museus.gov.br/manual-de-uso-da-plataforma-museusbr,6 ago. 2026,museus_pontos_memoria,Fonte bibliográfica do grupo Museus e memória.
104,Bibliotecas e arquivos,Referência APA 7,"Ministério da Cultura. (2026). *PNLD nas bibliotecas de Mato Grosso do Sul* [Página institucional ou portal]. Recuperado em 6 de agosto de 2026, de https://www.gov.br/cultura/pt-br/assuntos/sistema-nacional-de-bibliotecas-publicas-snbp/pnld-bibliotecas/pnld-mato-grosso-do-sul",https://www.gov.br/cultura/pt-br/assuntos/sistema-nacional-de-bibliotecas-publicas-snbp/pnld-bibliotecas/pnld-mato-grosso-do-sul,6 ago. 2026,bibliotecas_arquivos,Fonte bibliográfica do grupo Bibliotecas e arquivos.
105,Bibliotecas e arquivos,Referência APA 7,"Ministério da Cultura. (2026). *Sistema Estadual de Bibliotecas de Mato Grosso do Sul* [Página institucional ou portal]. Recuperado em 6 de agosto de 2026, de https://www.gov.br/cultura/pt-br/assuntos/sistema-nacional-de-bibliotecas-publicas-snbp/teste01/sistemas-estaduais-1/sistema-estadual-de-bibliotecas-de-mato-grosso-do-sul",https://www.gov.br/cultura/pt-br/assuntos/sistema-nacional-de-bibliotecas-publicas-snbp/teste01/sistemas-estaduais-1/sistema-estadual-de-bibliotecas-de-mato-grosso-do-sul,6 ago. 2026,bibliotecas_arquivos,Fonte bibliográfica do grupo Bibliotecas e arquivos.
106,Mobilidade rodoviária,Referência APA 7,"AGEMS. (2026). *Transporte rodoviário intermunicipal de passageiros* [Página institucional ou portal]. Recuperado em 6 de agosto de 2026, de https://www.agems.ms.gov.br/informativo/transporte-rodoviario-intermunicipal",https://www.agems.ms.gov.br/informativo/transporte-rodoviario-intermunicipal,6 ago. 2026,terminais_rodoviarios,Fonte bibliográfica do grupo Mobilidade rodoviária.
107,Turismo e atendimento,Referência APA 7,"Fundação de Turismo de Mato Grosso do Sul. (2026). *Informações turísticas e Centros de Atendimento ao Turista* [Página institucional ou portal]. Recuperado em 6 de agosto de 2026, de https://www.turismo.ms.gov.br/informacoes-turisticas",https://www.turismo.ms.gov.br/informacoes-turisticas,6 ago. 2026,centros_atendimento_turista,Fonte bibliográfica do grupo Turismo e atendimento.
108,Conectividade,Referência APA 7,"Anatel. (2026). *Mosaico SMP, mapas e arquivos de cobertura móvel* [Documento ou publicação institucional]. https://dados.gov.br/dados/conjuntos-dados/cobertura_movel",https://dados.gov.br/dados/conjuntos-dados/cobertura_movel,6 ago. 2026,cobertura_telefonia_movel,Fonte bibliográfica do grupo Conectividade.
109,Cartografia colaborativa,Referência APA 7,"OpenStreetMap contributors. (2026). *OpenStreetMap e Overpass API* [Página institucional ou portal]. Recuperado em 6 de agosto de 2026, de https://www.openstreetmap.org",https://www.openstreetmap.org,6 ago. 2026,campus_ensino_superior | patrimonio_estadual_estacoes_ferroviarias | bibliotecas_arquivos | espacos_culturais | centros_visitantes_trilhas | centros_atendimento_turista | turismo_rural_comunitario | terminais_rodoviarios | terminais_rodoviarios_fronteiras | artesanato_producao_tradicional | gastronomia_mercados_feiras | unidades_saude | bombeiros_seguranca | combustivel_oficinas_descanso | acessibilidade_servicos | acessibilidade_rodoviaria_estimada_rotas_base_externa,Fonte bibliográfica do grupo Cartografia colaborativa.
110,Terras indígenas,Referência APA 7,"Fundação Nacional dos Povos Indígenas, FUNAI. (2026). *Terras Indígenas, dados geoespaciais e mapas* [Documento ou publicação institucional]. https://www.gov.br/funai/pt-br/atuacao/terras-indigenas/geoprocessamento-e-mapas",https://www.gov.br/funai/pt-br/atuacao/terras-indigenas/geoprocessamento-e-mapas,6 ago. 2026,terras_indigenas_poligonos,Fonte bibliográfica do grupo Terras indígenas.
111,Terras indígenas,Referência APA 7,"PAMGIA IBAMA e FUNAI. (2026). *Terra Indígena, camada vetorial FUNAI* [Serviço ou API geoespacial]. Recuperado em 6 de agosto de 2026, de https://pamgia.ibama.gov.br/server/rest/services/01_Publicacoes_Bases/lim_terra_indigena_a/FeatureServer/12",https://pamgia.ibama.gov.br/server/rest/services/01_Publicacoes_Bases/lim_terra_indigena_a/FeatureServer/12,6 ago. 2026,terras_indigenas_poligonos,Fonte bibliográfica do grupo Terras indígenas.
112,Territórios quilombolas,Referência APA 7,"INCRA. (2026). *Regularização de territórios quilombolas* [Página institucional ou portal]. Recuperado em 6 de agosto de 2026, de https://www.gov.br/incra/pt-br/assuntos/governanca-fundiaria/quilombolas",https://www.gov.br/incra/pt-br/assuntos/governanca-fundiaria/quilombolas,6 ago. 2026,territorios_quilombolas_poligonos,Fonte bibliográfica do grupo Territórios quilombolas.
113,Territórios quilombolas,Referência APA 7,"PAMGIA IBAMA e INCRA. (2026). *Territórios quilombolas, camada vetorial* [Serviço ou API geoespacial]. Recuperado em 6 de agosto de 2026, de https://pamgia.ibama.gov.br/server/rest/services/BasesSincronizadas/lim_quilombos_incra_a/FeatureServer/0",https://pamgia.ibama.gov.br/server/rest/services/BasesSincronizadas/lim_quilombos_incra_a/FeatureServer/0,6 ago. 2026,territorios_quilombolas_poligonos,Fonte bibliográfica do grupo Territórios quilombolas.
114,Assentamentos rurais,Referência APA 7,"INCRA. (2026). *Assentamentos, relação de projetos criados e reconhecidos* [Página institucional ou portal]. Recuperado em 6 de agosto de 2026, de https://www.gov.br/incra/pt-br/assuntos/reforma-agraria/assentamentos-relacao-de-projetos",https://www.gov.br/incra/pt-br/assuntos/reforma-agraria/assentamentos-relacao-de-projetos,6 ago. 2026,assentamentos_rurais_incra,Fonte bibliográfica do grupo Assentamentos rurais.
115,Assentamentos rurais,Referência APA 7,"PAMGIA IBAMA e INCRA. (2026). *Assentamentos da reforma agrária, camada vetorial* [Serviço ou API geoespacial]. Recuperado em 6 de agosto de 2026, de https://pamgia.ibama.gov.br/server/rest/services/01_Publicacoes_Bases/assentamentos_incra/FeatureServer/1",https://pamgia.ibama.gov.br/server/rest/services/01_Publicacoes_Bases/assentamentos_incra/FeatureServer/1,6 ago. 2026,assentamentos_rurais_incra,Fonte bibliográfica do grupo Assentamentos rurais.
116,Barragens,Referência APA 7,"Agência Nacional de Águas e Saneamento Básico, ANA. (2026). *Sistema Nacional de Informações sobre Segurança de Barragens, SNISB* [Página institucional ou portal]. Recuperado em 6 de agosto de 2026, de https://www.snisb.gov.br",https://www.snisb.gov.br,6 ago. 2026,barragens_snisb,Fonte bibliográfica do grupo Barragens.
117,Vulnerabilidade territorial,Referência APA 7,"Instituto Brasileiro de Geografia e Estatística, IBGE. (2026). *Panorama do Censo Demográfico 2022* [Página institucional ou portal]. Recuperado em 6 de agosto de 2026, de https://censo2022.ibge.gov.br/panorama",https://censo2022.ibge.gov.br/panorama,6 ago. 2026,vulnerabilidade_territorial_censo_2022,Fonte bibliográfica do grupo Vulnerabilidade territorial.
118,Regionalização turística,Referência APA 7,Ministério do Turismo. (2026). *Mapa do Turismo Brasileiro* [Documento ou publicação institucional]. https://www.gov.br/turismo/pt-br/acesso-a-informacao/acoes-e-programas/programas-projetos-acoes-obras-e-atividades/programa-de-regionalizacao-do-turismo-2/mapa-do-turismo-brasileiro/mapa-do-turismo-brasileiro,https://www.gov.br/turismo/pt-br/acesso-a-informacao/acoes-e-programas/programas-projetos-acoes-obras-e-atividades/programa-de-regionalizacao-do-turismo-2/mapa-do-turismo-brasileiro/mapa-do-turismo-brasileiro,6 ago. 2026,regioes_municipios_turisticos,Fonte bibliográfica do grupo Regionalização turística.
119,Patrimônio estadual e ferroviário,Referência APA 7,"Fundação de Cultura de Mato Grosso do Sul. (2026). *Guias, manuais e inventários patrimoniais* [Documento ou publicação institucional]. https://www.fundacaodecultura.ms.gov.br/informativos/guias-e-manuais",https://www.fundacaodecultura.ms.gov.br/informativos/guias-e-manuais,6 ago. 2026,patrimonio_estadual_estacoes_ferroviarias,Fonte bibliográfica do grupo Patrimônio estadual e ferroviário.
120,Geologia,Referência APA 7,"Serviço Geológico do Brasil, SGB. (2006). *Mapa geológico de Mato Grosso do Sul, unidades litoestratigráficas, escala 1:1.000.000* [Serviço ou API geoespacial]. Recuperado em 6 de agosto de 2026, de https://geoportal.sgb.gov.br/server/rest/services/geologia/litoestratigrafia_estados/MapServer/7",https://geoportal.sgb.gov.br/server/rest/services/geologia/litoestratigrafia_estados/MapServer/7,6 ago. 2026,mapa_geologico_ms | inventario_geocientifico_fase3,Fonte bibliográfica do grupo Geologia.
121,Geologia,Referência APA 7,"Serviço Geológico do Brasil, SGB. (2026). *Serviço de mapeamentos geológicos estaduais do GeoSGB* [Serviço ou API geoespacial]. Recuperado em 6 de agosto de 2026, de https://geoportal.sgb.gov.br/server/rest/services/geologia/litoestratigrafia_estados/MapServer",https://geoportal.sgb.gov.br/server/rest/services/geologia/litoestratigrafia_estados/MapServer,6 ago. 2026,mapa_geologico_ms | inventario_geocientifico_fase3,Fonte bibliográfica do grupo Geologia.
122,Hidrogeologia,Referência APA 7,"ABREU, Márcio Costa; PAULA, Thiago Luiz Feijó de; REMPEL, Katarina; SENHORINHO, Eliel Martins. (2024). *Mapa hidrogeológico do estado de Mato Grosso do Sul* [Documento ou publicação institucional]. https://rigeo.sgb.gov.br/handle/doc/25365",https://rigeo.sgb.gov.br/handle/doc/25365,6 ago. 2026,mapa_hidrogeologico_ms | inventario_geocientifico_fase3,Fonte bibliográfica do grupo Hidrogeologia.
123,Hidrogeologia,Referência APA 7,"Serviço Geológico do Brasil, SGB. (2026). *Hidrogeologia Atlas do Brasil, camada vetorial* [Serviço ou API geoespacial]. Recuperado em 6 de agosto de 2026, de https://geoportal.sgb.gov.br/server/rest/services/hidrologia/Mapa_Hidrogeologico_Atlas_Brasil/MapServer/1",https://geoportal.sgb.gov.br/server/rest/services/hidrologia/Mapa_Hidrogeologico_Atlas_Brasil/MapServer/1,6 ago. 2026,mapa_hidrogeologico_ms | inventario_geocientifico_fase3,Fonte bibliográfica do grupo Hidrogeologia.
124,Hidrogeologia,Referência APA 7,"Serviço Geológico do Brasil, SGB. (2026). *Mapas hidrogeológicos para download* [Documento ou publicação institucional]. https://www.sgb.gov.br/mapas-para-download",https://www.sgb.gov.br/mapas-para-download,6 ago. 2026,mapa_hidrogeologico_ms | inventario_geocientifico_fase3,Fonte bibliográfica do grupo Hidrogeologia.
125,Hidrogeologia,Referência APA 7,"Agência Nacional de Águas e Saneamento Básico. (2013). *Sistemas Aquíferos do Brasil* [Serviço ou API geoespacial]. Recuperado em 6 de agosto de 2026, de https://metadados.snirh.gov.br/geonetwork/geonetwork/api/records/3ec60e4f-85ea-4ba7-a90c-734b57594f90",https://metadados.snirh.gov.br/geonetwork/geonetwork/api/records/3ec60e4f-85ea-4ba7-a90c-734b57594f90,6 ago. 2026,sistema_aquifero_guarani_ana,Fonte bibliográfica do grupo Hidrogeologia.
126,Geomorfologia,Referência APA 7,"Instituto Brasileiro de Geografia e Estatística, IBGE. (2025). *Banco de Dados de Informações Ambientais, tema Geomorfologia* [Página institucional ou portal]. Recuperado em 6 de agosto de 2026, de https://bdiaweb.ibge.gov.br",https://bdiaweb.ibge.gov.br,6 ago. 2026,mapa_geomorfologico_ibge | inventario_geocientifico_fase3,Fonte bibliográfica do grupo Geomorfologia.
127,Geomorfologia,Referência APA 7,"Instituto Brasileiro de Geografia e Estatística, IBGE. (2025). *Geomorfologia na escala 1:250.000* [Página institucional ou portal]. Recuperado em 6 de agosto de 2026, de https://www.ibge.gov.br/geociencias/informacoes-ambientais/geomorfologia/10870-geomorfologia.html",https://www.ibge.gov.br/geociencias/informacoes-ambientais/geomorfologia/10870-geomorfologia.html,6 ago. 2026,mapa_geomorfologico_ibge | inventario_geocientifico_fase3,Fonte bibliográfica do grupo Geomorfologia.
128,Altimetria,Referência APA 7,"SEMADESC e PIN MS. (2026). *Altimetria de Mato Grosso do Sul* [Serviço ou API geoespacial]. Recuperado em 6 de agosto de 2026, de https://www.pinms.ms.gov.br/arcgis/rest/services/SEMADESC/SEMADESC_MAPAS/MapServer/5",https://www.pinms.ms.gov.br/arcgis/rest/services/SEMADESC/SEMADESC_MAPAS/MapServer/5,6 ago. 2026,mapa_altimetria_ms | inventario_geocientifico_fase3,Fonte bibliográfica do grupo Altimetria.
129,Geomorfometria,Referência APA 7,"Instituto Nacional de Pesquisas Espaciais, INPE. (2026). *TOPODATA, Banco de Dados Geomorfométricos do Brasil* [Página institucional ou portal]. Recuperado em 6 de agosto de 2026, de https://data.inpe.br/dados/topodata",https://data.inpe.br/dados/topodata,6 ago. 2026,mapa_declividade_topodata | inventario_geocientifico_fase3,Fonte bibliográfica do grupo Geomorfometria.
130,Solos,Referência APA 7,"IMASUL e PIN MS. (2026). *Solos de Mato Grosso do Sul, escala 1:250.000* [Serviço ou API geoespacial]. Recuperado em 6 de agosto de 2026, de https://www.pinms.ms.gov.br/arcgis/rest/services/IMASUL/SiriemaGeo_Sisla/MapServer/42",https://www.pinms.ms.gov.br/arcgis/rest/services/IMASUL/SiriemaGeo_Sisla/MapServer/42,6 ago. 2026,mapa_solos_ms,Fonte bibliográfica do grupo Solos.
131,Zoneamento Agroecológico,Referência APA 7,"SEMADESC e Embrapa Solos. (2026). *Zoneamento Agroecológico de Mato Grosso do Sul, ZAE MS* [Página institucional ou portal]. Recuperado em 6 de agosto de 2026, de https://www.semadesc.ms.gov.br/programas-e-projetos/zae-ms",https://www.semadesc.ms.gov.br/programas-e-projetos/zae-ms,6 ago. 2026,mapa_fragilidade_ambiental_zae | mapa_macrozoneamento_zae | mapa_zoneamento_agroecologico_ms,Fonte bibliográfica do grupo Zoneamento Agroecológico.
132,Vegetação,Referência APA 7,"PIN MS e IBGE. (2026). *Vegetação RADAM de Mato Grosso do Sul* [Serviço ou API geoespacial]. Recuperado em 6 de agosto de 2026, de https://www.pinms.ms.gov.br/arcgis/rest/services/SGI/Vegetacao_RADAM_MS/MapServer",https://www.pinms.ms.gov.br/arcgis/rest/services/SGI/Vegetacao_RADAM_MS/MapServer,6 ago. 2026,mapa_vegetacao_original_radam,Fonte bibliográfica do grupo Vegetação.
133,Uso da terra,Referência APA 7,Projeto MapBiomas. (2026). *Coleção 10.1 da Série Anual de Mapas de Cobertura e Uso da Terra do Brasil* [Documento ou publicação institucional]. https://brasil.mapbiomas.org/colecoes-mapbiomas,https://brasil.mapbiomas.org/colecoes-mapbiomas,6 ago. 2026,uso_cobertura_solo | mapa_mudancas_uso_solo,Fonte bibliográfica do grupo Uso da terra.
134,Uso da terra,Referência APA 7,"Projeto MapBiomas. (2026). *Estatísticas e matrizes de transição de cobertura e uso da terra* [Página institucional ou portal]. Recuperado em 6 de agosto de 2026, de https://brasil.mapbiomas.org/estatisticas",https://brasil.mapbiomas.org/estatisticas,6 ago. 2026,uso_cobertura_solo | mapa_mudancas_uso_solo,Fonte bibliográfica do grupo Uso da terra.
135,Planejamento territorial,Referência APA 7,"IMASUL e PIN MS. (2026). *ZEE MS, primeira aproximação* [Serviço ou API geoespacial]. Recuperado em 6 de agosto de 2026, de https://www.pinms.ms.gov.br/arcgis/rest/services/IMASUL/SiriemaGeo_Sisla/MapServer/38",https://www.pinms.ms.gov.br/arcgis/rest/services/IMASUL/SiriemaGeo_Sisla/MapServer/38,6 ago. 2026,mapa_zee_ms,Fonte bibliográfica do grupo Planejamento territorial.
136,Recursos hídricos,Referência APA 7,"SEMADESC e PIN MS. (2026). *Bacias, sub-bacias e unidades de planejamento e gerenciamento de recursos hídricos* [Serviço ou API geoespacial]. Recuperado em 6 de agosto de 2026, de https://www.pinms.ms.gov.br/arcgis/rest/services/SEMADESC/SEMADESC_MAPAS/MapServer",https://www.pinms.ms.gov.br/arcgis/rest/services/SEMADESC/SEMADESC_MAPAS/MapServer,6 ago. 2026,mapa_bacias_uepgrh,Fonte bibliográfica do grupo Recursos hídricos.
137,Recursos hídricos,Referência APA 7,"SEMADESC e PIN MS. (2026). *Disponibilidade hídrica superficial e água disponível no solo* [Serviço ou API geoespacial]. Recuperado em 6 de agosto de 2026, de https://www.pinms.ms.gov.br/arcgis/rest/services/SEMADESC/SEMADESC_MAPAS/MapServer",https://www.pinms.ms.gov.br/arcgis/rest/services/SEMADESC/SEMADESC_MAPAS/MapServer,6 ago. 2026,mapa_disponibilidade_hidrica,Fonte bibliográfica do grupo Recursos hídricos.
138,Qualidade da água,Referência APA 7,"Agência Nacional de Águas e Saneamento Básico, ANA. (2026). *Portal da Qualidade das Águas* [Página institucional ou portal]. Recuperado em 6 de agosto de 2026, de https://qualidadedaagua.ana.gov.br",https://qualidadedaagua.ana.gov.br,6 ago. 2026,mapa_qualidade_agua_ana,Fonte bibliográfica do grupo Qualidade da água.
139,Fogo,Referência APA 7,"Instituto Nacional de Pesquisas Espaciais, INPE. (2026). *Programa Queimadas, Painel do Fogo e dados abertos* [Página institucional ou portal]. Recuperado em 6 de agosto de 2026, de https://data.inpe.br/queimadas/painel-do-fogo",https://data.inpe.br/queimadas/painel-do-fogo,6 ago. 2026,mapa_focos_calor_risco,Fonte bibliográfica do grupo Fogo.
140,Fogo,Referência APA 7,"IBAMA PAMGIA. (2026). *Focos de calor atualizados* [Serviço ou API geoespacial]. Recuperado em 6 de agosto de 2026, de https://pamgia.ibama.gov.br/server/rest/services/DDA/focos_calor_dda/MapServer",https://pamgia.ibama.gov.br/server/rest/services/DDA/focos_calor_dda/MapServer,6 ago. 2026,mapa_focos_calor_risco,Fonte bibliográfica do grupo Fogo.
141,Recursos minerais,Referência APA 7,"Serviço Geológico do Brasil, SGB. (2026). *Ocorrências minerais do GeoSGB* [Serviço ou API geoespacial]. Recuperado em 6 de agosto de 2026, de https://geoportal.sgb.gov.br/server/rest/services/geologia/ocorrencias/MapServer/0",https://geoportal.sgb.gov.br/server/rest/services/geologia/ocorrencias/MapServer/0,6 ago. 2026,mapa_recursos_minerais_ms | inventario_geocientifico_fase3,Fonte bibliográfica do grupo Recursos minerais.
142,Clima,Referência APA 7,"Centro de Monitoramento do Tempo e do Clima de Mato Grosso do Sul, CEMTEC. (2026). *Banco de dados meteorológicos de Mato Grosso do Sul* [Página institucional ou portal]. Recuperado em 6 de agosto de 2026, de https://www.cemtec.ms.gov.br/bancodedados",https://www.cemtec.ms.gov.br/bancodedados,6 ago. 2026,mapa_climatico_ms,Fonte bibliográfica do grupo Clima.
143,Clima,Referência APA 7,"Instituto Nacional de Meteorologia, INMET. (2026). *Portal meteorológico e dados de estações* [Página institucional ou portal]. Recuperado em 6 de agosto de 2026, de https://portal.inmet.gov.br",https://portal.inmet.gov.br,6 ago. 2026,mapa_climatico_ms,Fonte bibliográfica do grupo Clima.
144,Geodiversidade,Referência APA 7,"Governo do Estado de Mato Grosso do Sul. (2009). *Decreto Estadual nº 12.897, de 22 de dezembro de 2009. Criação do Geopark Bodoquena-Pantanal e Anexo I com 54 geossítios* [Documento ou publicação institucional]. https://aacpdappls.net.ms.gov.br/appls/legislacao/secoge/govato.nsf/fd8600de8a55c7fc04256b210079ce25/9d2a7d2cb9c27f170425769a005c3d44?OpenDocument",https://aacpdappls.net.ms.gov.br/appls/legislacao/secoge/govato.nsf/fd8600de8a55c7fc04256b210079ce25/9d2a7d2cb9c27f170425769a005c3d44?OpenDocument,6 ago. 2026,retirada_laguna_nodos_municipais | geossitios_decreto_12897_2009 | geossitios_compilados_niveis_precisao | inventario_geocientifico_fase3 | potencial_geocientifico_territorial_250km2,Fonte bibliográfica do grupo Geodiversidade.
145,Geodiversidade,Referência APA 7,"Governo do Estado de Mato Grosso do Sul. (2011). *Decreto Estadual nº 13.220, de 17 de junho de 2011. Alteração da estrutura do Conselho Gestor do Geopark Bodoquena-Pantanal* [Documento ou publicação institucional]. https://aacpdappls.net.ms.gov.br/appls/legislacao/secoge/govato.nsf/fd8600de8a55c7fc04256b210079ce25/85f3f8665191e580042578b50066ba59?OpenDocument",https://aacpdappls.net.ms.gov.br/appls/legislacao/secoge/govato.nsf/fd8600de8a55c7fc04256b210079ce25/85f3f8665191e580042578b50066ba59?OpenDocument,6 ago. 2026,geodiversidade_candidatos | potencial_geocientifico_territorial_250km2,Fonte bibliográfica do grupo Geodiversidade.
146,Geodiversidade,Referência APA 7,"Comissão Brasileira de Sítios Geológicos e Paleobiológicos. (s.d.). *Morraria do Puga, SIGEP 037* [Documento ou publicação institucional]. Recuperado em 6 de agosto de 2026, de https://sigep.eco.br/sitio037/sitio037.pdf",https://sigep.eco.br/sitio037/sitio037.pdf,6 ago. 2026,lugares_interesse_geologico_propostos | geossitios_compilados_niveis_precisao | inventario_geocientifico_fase3 | potencial_geocientifico_territorial_250km2,Fonte bibliográfica do grupo Geodiversidade.
147,Geodiversidade,Referência APA 7,"Comissão Brasileira de Sítios Geológicos e Paleobiológicos. (s.d.). *Tufas calcárias da Serra da Bodoquena, SIGEP 034* [Documento ou publicação institucional]. Recuperado em 6 de agosto de 2026, de https://sigep.eco.br/sitio034/sitio034.pdf",https://sigep.eco.br/sitio034/sitio034.pdf,6 ago. 2026,lugares_interesse_geologico_propostos | geossitios_compilados_niveis_precisao | inventario_geocientifico_fase3 | potencial_geocientifico_territorial_250km2,Fonte bibliográfica do grupo Geodiversidade.
148,Povos originários,Referência APA 7,Fundação Nacional dos Povos Indígenas. (2026). *Geoprocessamento e mapas de Terras Indígenas* [Documento ou publicação institucional]. https://www.gov.br/funai/pt-br/atuacao/terras-indigenas/geoprocessamento-e-mapas,https://www.gov.br/funai/pt-br/atuacao/terras-indigenas/geoprocessamento-e-mapas,6 ago. 2026,terras_indigenas_poligonos,Fonte bibliográfica do grupo Povos originários.
149,Conservação,Referência APA 7,"Instituto Chico Mendes de Conservação da Biodiversidade. (2024). *Dados geoespaciais e KML das Unidades de Conservação Federais* [Página institucional ou portal]. Recuperado em 6 de agosto de 2026, de https://www.gov.br/icmbio/pt-br/assuntos/dados_geoespaciais_mapa_tematico-e-dados_geoestatisticos/dados_geoespaciais",https://www.gov.br/icmbio/pt-br/assuntos/dados_geoespaciais_mapa_tematico-e-dados_geoestatisticos/dados_geoespaciais,6 ago. 2026,unidades_conservacao | parque_nacional_serra_bodoquena,Fonte bibliográfica do grupo Conservação.
150,Fronteira,Referência APA 7,"Receita Federal do Brasil. (2026). *Relação oficial de unidades e pontos aduaneiros em fronteira* [Página institucional ou portal]. Recuperado em 6 de agosto de 2026, de https://www.gov.br/receitafederal/pt-br",https://www.gov.br/receitafederal/pt-br,6 ago. 2026,municipios_pontos_fronteira_alfandegados | terminais_rodoviarios_fronteiras,Fonte bibliográfica do grupo Fronteira.
151,Pantanal e fogo,Referência APA 7,"Instituto Brasileiro do Meio Ambiente e dos Recursos Naturais Renováveis. (2026). *Serviço cartográfico histórico de focos no Pantanal* [Serviço ou API geoespacial]. Recuperado em 6 de agosto de 2026, de https://pamgia.ibama.gov.br/server/rest/services/Focos_Pantanal_Historico_MIL1/MapServer",https://pamgia.ibama.gov.br/server/rest/services/Focos_Pantanal_Historico_MIL1/MapServer,6 ago. 2026,pantanal_monitoramento_fogo,Fonte bibliográfica do grupo Pantanal e fogo.
152,Riscos e governança territorial,Referência APA 7,"Defesa Civil de Mato Grosso do Sul. (2026). *Departamento de Gestão de Riscos e Desastres* [Página institucional ou portal]. Recuperado em 6 de agosto de 2026, de https://www.defesacivil.ms.gov.br/unidade-administrativa/departamento-de-gestao-de-riscos-e-desastres",https://www.defesacivil.ms.gov.br/unidade-administrativa/departamento-de-gestao-de-riscos-e-desastres,6 ago. 2026,riscos_sazonalidade,Fonte bibliográfica do grupo Riscos e governança territorial.
153,Riscos e governança territorial,Referência APA 7,"Defesa Civil de Mato Grosso do Sul. (2026). *Programa MonitorAção* [Página institucional ou portal]. Recuperado em 6 de agosto de 2026, de https://www.defesacivil.ms.gov.br/programas-e-projetos/monitoracao",https://www.defesacivil.ms.gov.br/programas-e-projetos/monitoracao,6 ago. 2026,riscos_sazonalidade,Fonte bibliográfica do grupo Riscos e governança territorial.
154,Rotas institucionais e itinerários em estudo,Referência APA 7,"Fundação de Turismo de Mato Grosso do Sul. (2024). *Trilhas de Longo Curso em Mato Grosso do Sul: Rota dos Pioneiros e Aviturismo nas regiões Vale das Águas e Cone Sul* [Página institucional ou portal]. Recuperado em 6 de agosto de 2026, de https://www.turismo.ms.gov.br/trilhas-de-longo-curso-em-mato-grosso-do-sul-rota-dos-pioneiros-e-aviturismo-nas-regioes-vale-das-aguas-e-cone-sul",https://www.turismo.ms.gov.br/trilhas-de-longo-curso-em-mato-grosso-do-sul-rota-dos-pioneiros-e-aviturismo-nas-regioes-vale-das-aguas-e-cone-sul,6 ago. 2026,rotas_culturais_propostas | pontos_interesse_itinerarios | areas_exploratorias_influencia_cartografica | trechos_itinerarios | pre_avaliacao_cartografica_itinerarios | corredores_exploratorios_aprofundamento | interacoes_rotas_unidades_conservacao | cavidades_proximas_rotas_estudo | articulacao_itinerarios_peic_rotas_250km2,Fonte bibliográfica do grupo Rotas institucionais e itinerários em estudo.
155,Rotas institucionais e itinerários em estudo,Referência APA 7,"Fundação de Turismo de Mato Grosso do Sul. (2025). *Mato Grosso do Sul lança Rota do Cerrado e nova marca para o Aviturismo durante o Avistar Brasil 2025* [Página institucional ou portal]. Recuperado em 6 de agosto de 2026, de https://www.turismo.ms.gov.br/mato-grosso-do-sul-lanca-rota-do-cerrado-e-nova-marca-para-o-aviturismo-durante-o-avistar-brasil-2025",https://www.turismo.ms.gov.br/mato-grosso-do-sul-lanca-rota-do-cerrado-e-nova-marca-para-o-aviturismo-durante-o-avistar-brasil-2025,6 ago. 2026,rotas_culturais_propostas | pontos_interesse_itinerarios | areas_exploratorias_influencia_cartografica | trechos_itinerarios | pre_avaliacao_cartografica_itinerarios | corredores_exploratorios_aprofundamento | interacoes_rotas_unidades_conservacao | cavidades_proximas_rotas_estudo | articulacao_itinerarios_peic_rotas_250km2,Fonte bibliográfica do grupo Rotas institucionais e itinerários em estudo.
156,Rotas institucionais e itinerários em estudo,Referência APA 7,"Fundação de Turismo de Mato Grosso do Sul. (2024). *Rota de Aviturismo nas Unidades de Conservação da Mata Atlântica de Mato Grosso do Sul* [Página institucional ou portal]. Recuperado em 6 de agosto de 2026, de https://www.turismo.ms.gov.br/confira-os-destaques-de-mato-grosso-do-sul-na-17a-avistar-brasil-2024",https://www.turismo.ms.gov.br/confira-os-destaques-de-mato-grosso-do-sul-na-17a-avistar-brasil-2024,6 ago. 2026,rotas_culturais_propostas | pontos_interesse_itinerarios | areas_exploratorias_influencia_cartografica | trechos_itinerarios | pre_avaliacao_cartografica_itinerarios | corredores_exploratorios_aprofundamento | interacoes_rotas_unidades_conservacao | cavidades_proximas_rotas_estudo | articulacao_itinerarios_peic_rotas_250km2,Fonte bibliográfica do grupo Rotas institucionais e itinerários em estudo.
157,Rotas institucionais e itinerários em estudo,Referência APA 7,"Fundação de Turismo de Mato Grosso do Sul. (2025). *Rotas especializadas de aviturismo de Mato Grosso do Sul na Global Birdfair 2025* [Página institucional ou portal]. Recuperado em 6 de agosto de 2026, de https://www.turismo.ms.gov.br/mato-grosso-do-sul-reforca-compromisso-com-o-turismo-de-observacao-de-aves-na-global-birdfair-2025",https://www.turismo.ms.gov.br/mato-grosso-do-sul-reforca-compromisso-com-o-turismo-de-observacao-de-aves-na-global-birdfair-2025,6 ago. 2026,rotas_culturais_propostas | pontos_interesse_itinerarios | areas_exploratorias_influencia_cartografica | trechos_itinerarios | pre_avaliacao_cartografica_itinerarios | corredores_exploratorios_aprofundamento | interacoes_rotas_unidades_conservacao | cavidades_proximas_rotas_estudo | articulacao_itinerarios_peic_rotas_250km2,Fonte bibliográfica do grupo Rotas institucionais e itinerários em estudo.
158,Rotas institucionais e itinerários em estudo,Referência APA 7,"Fundação de Turismo de Mato Grosso do Sul. (2017). *Rota Bioceânica potencializará o turismo em Mato Grosso do Sul* [Página institucional ou portal]. Recuperado em 6 de agosto de 2026, de https://www.turismo.ms.gov.br/rota-bioceanica-potencializara-o-turismo-em-mato-grosso-do-sul",https://www.turismo.ms.gov.br/rota-bioceanica-potencializara-o-turismo-em-mato-grosso-do-sul,6 ago. 2026,municipios_pontos_fronteira_alfandegados | rodovias_estaduais | rodovias_federais | rotas_culturais_propostas | pontos_interesse_itinerarios | areas_exploratorias_influencia_cartografica | trechos_itinerarios | pre_avaliacao_cartografica_itinerarios | corredores_exploratorios_aprofundamento | interacoes_rotas_unidades_conservacao | cavidades_proximas_rotas_estudo | articulacao_itinerarios_peic_rotas_250km2,Fonte bibliográfica do grupo Rotas institucionais e itinerários em estudo.
159,Rotas institucionais e itinerários em estudo,Referência APA 7,"Fundação de Turismo de Mato Grosso do Sul. (2016). *I Seminário Regional do Folclore Monçoeiro na Rota Norte de Mato Grosso do Sul* [Página institucional ou portal]. Recuperado em 6 de agosto de 2026, de https://www.turismo.ms.gov.br/regiao-turistica-rota-norte-recebe-i-seminario-regional-do-folclore-moncoeiro",https://www.turismo.ms.gov.br/regiao-turistica-rota-norte-recebe-i-seminario-regional-do-folclore-moncoeiro,6 ago. 2026,rotas_culturais_propostas | pontos_interesse_itinerarios | areas_exploratorias_influencia_cartografica | trechos_itinerarios | pre_avaliacao_cartografica_itinerarios | corredores_exploratorios_aprofundamento | interacoes_rotas_unidades_conservacao | cavidades_proximas_rotas_estudo | articulacao_itinerarios_peic_rotas_250km2,Fonte bibliográfica do grupo Rotas institucionais e itinerários em estudo.
160,Rotas institucionais e itinerários em estudo,Referência APA 7,"Fundação de Turismo de Mato Grosso do Sul. (2016). *Rota Pantanal-Bonito* [Página institucional ou portal]. Recuperado em 6 de agosto de 2026, de https://www.turismo.ms.gov.br/rota-pantanal-bonito-recebeu-em-2015-mais-de-422-mil-turistas",https://www.turismo.ms.gov.br/rota-pantanal-bonito-recebeu-em-2015-mais-de-422-mil-turistas,6 ago. 2026,rotas_culturais_propostas | pontos_interesse_itinerarios | areas_exploratorias_influencia_cartografica | trechos_itinerarios | pre_avaliacao_cartografica_itinerarios | corredores_exploratorios_aprofundamento | interacoes_rotas_unidades_conservacao | cavidades_proximas_rotas_estudo | articulacao_itinerarios_peic_rotas_250km2,Fonte bibliográfica do grupo Rotas institucionais e itinerários em estudo.
161,Rotas institucionais e itinerários em estudo,Referência APA 7,Fundação de Turismo de Mato Grosso do Sul. (2026). *Guia de Afroturismo e estratégia estadual para o segmento* [Documento ou publicação institucional]. https://www.turismo.ms.gov.br/mato-grosso-do-sul-lanca-guia-de-afroturismo-e-apresenta-estrategia-para-fortalecer-o-segmento,https://www.turismo.ms.gov.br/mato-grosso-do-sul-lanca-guia-de-afroturismo-e-apresenta-estrategia-para-fortalecer-o-segmento,6 ago. 2026,localidades_quilombolas_ibge | rotas_culturais_propostas | pontos_interesse_itinerarios | areas_exploratorias_influencia_cartografica | trechos_itinerarios | pre_avaliacao_cartografica_itinerarios | corredores_exploratorios_aprofundamento | interacoes_rotas_unidades_conservacao | cavidades_proximas_rotas_estudo | articulacao_itinerarios_peic_rotas_250km2,Fonte bibliográfica do grupo Rotas institucionais e itinerários em estudo.
162,Rotas institucionais e itinerários em estudo,Referência APA 7,"Fundação de Turismo de Mato Grosso do Sul. (s.d.). *Regiões turísticas de Mato Grosso do Sul* [Página institucional ou portal]. Recuperado em 6 de agosto de 2026, de https://www.turismo.ms.gov.br/tourist-regions",https://www.turismo.ms.gov.br/tourist-regions,6 ago. 2026,rotas_culturais_propostas | pontos_interesse_itinerarios | regioes_municipios_turisticos | areas_exploratorias_influencia_cartografica | trechos_itinerarios | pre_avaliacao_cartografica_itinerarios | corredores_exploratorios_aprofundamento | interacoes_rotas_unidades_conservacao | cavidades_proximas_rotas_estudo | articulacao_itinerarios_peic_rotas_250km2,Fonte bibliográfica do grupo Rotas institucionais e itinerários em estudo.
163,Rotas institucionais e itinerários em estudo,Referência APA 7,"Fundação de Turismo de Mato Grosso do Sul. (s.d.). *Artesanato das regiões turísticas de Mato Grosso do Sul* [Página institucional ou portal]. Recuperado em 6 de agosto de 2026, de https://www.turismo.ms.gov.br/conheca-ms/artesanato",https://www.turismo.ms.gov.br/conheca-ms/artesanato,6 ago. 2026,rotas_culturais_propostas | pontos_interesse_itinerarios | areas_exploratorias_influencia_cartografica | artesanato_producao_tradicional | trechos_itinerarios | pre_avaliacao_cartografica_itinerarios | corredores_exploratorios_aprofundamento | interacoes_rotas_unidades_conservacao | cavidades_proximas_rotas_estudo | articulacao_itinerarios_peic_rotas_250km2,Fonte bibliográfica do grupo Rotas institucionais e itinerários em estudo.
164,Roteamento e acessibilidade,Referência APA 7,"Project OSRM. (2026). *OSRM HTTP API, serviço Route e objetos RouteLeg e RouteStep* [Página institucional ou portal]. Recuperado em 6 de agosto de 2026, de https://github.com/Project-OSRM/osrm-backend/blob/master/docs/http.md",https://github.com/Project-OSRM/osrm-backend/blob/master/docs/http.md,6 ago. 2026,acessibilidade_rodoviaria_estimada_rotas_base_externa,Fonte bibliográfica do grupo Roteamento e acessibilidade.
165,Áreas protegidas e espeleologia,Referência APA 7,"Ministério do Meio Ambiente e Mudança do Clima. (2026). *CNUC 2026_03 — Unidades de Conservação com registro ativo* [Página institucional ou portal]. Recuperado em 6 de agosto de 2026, de https://dados.mma.gov.br/dataset/44b6dc8a-dc82-4a84-8d95-1b0da7c85dac/resource/b1f7a269-a0b2-4a81-9ac5-108905e74a00",https://dados.mma.gov.br/dataset/44b6dc8a-dc82-4a84-8d95-1b0da7c85dac/resource/b1f7a269-a0b2-4a81-9ac5-108905e74a00,6 ago. 2026,unidades_conservacao | parque_nacional_serra_bodoquena | interacoes_rotas_unidades_conservacao | cavidades_em_unidades_conservacao,Fonte bibliográfica do grupo Áreas protegidas e espeleologia.
166,Áreas protegidas e espeleologia,Referência APA 7,"ICMBio — Centro Nacional de Pesquisa e Conservação de Cavernas. (s.d.). *Cadastro Nacional de Informações Espeleológicas — CANIE* [Página institucional ou portal]. Recuperado em 6 de agosto de 2026, de https://www.gov.br/icmbio/pt-br/assuntos/centros-de-pesquisa/cavernas/cadastro-nacional-de-informacoes-espeleologicas/canie",https://www.gov.br/icmbio/pt-br/assuntos/centros-de-pesquisa/cavernas/cadastro-nacional-de-informacoes-espeleologicas/canie,6 ago. 2026,cavernas_canie | cavidades_proximas_rotas_estudo | cavidades_em_unidades_conservacao,Fonte bibliográfica do grupo Áreas protegidas e espeleologia.
167,Patrimônio material,Referência APA 7,Instituto do Patrimônio Histórico e Artístico Nacional. (2026). *Planilha 2026_05_IPHAN_T.xlsx* [Conjunto de dados]. https://www.gov.br/iphan/pt-br/patrimonio-cultural/patrimonio-material/bens-tombados/2026_05_iphan_t.xlsx,https://www.gov.br/iphan/pt-br/patrimonio-cultural/patrimonio-material/bens-tombados/2026_05_iphan_t.xlsx,6 ago. 2026,patrimonio_material_tombado,Fonte bibliográfica do grupo Patrimônio material.
168,Patrimônio material,Referência APA 7,"Portal de Dados da Cultura. (s.d.). *SICG — bens tombados pelo Iphan* [Página institucional ou portal]. Recuperado em 6 de agosto de 2026, de https://dados.cultura.gov.br/dataset?organization=iphan&res_format=CSV",https://dados.cultura.gov.br/dataset?organization=iphan&res_format=CSV,6 ago. 2026,patrimonio_material_tombado,Fonte bibliográfica do grupo Patrimônio material.
169,Turismo e Cadastur,Referência APA 7,"Ministério do Turismo. (2026). *Prestadores de serviços turísticos — Meios de Hospedagem* [Página institucional ou portal]. Recuperado em 6 de agosto de 2026, de https://dados.turismo.gov.br/pt_BR/dataset/meios-de-hospedagem",https://dados.turismo.gov.br/pt_BR/dataset/meios-de-hospedagem,6 ago. 2026,cadastur_hospedagem,Fonte bibliográfica do grupo Turismo e Cadastur.
170,Turismo e Cadastur,Referência APA 7,"Ministério do Turismo. (2026). *Conjuntos de dados Cadastur* [Página institucional ou portal]. Recuperado em 6 de agosto de 2026, de https://dados.turismo.gov.br/pt_BR/dataset/?tags=Cadastur",https://dados.turismo.gov.br/pt_BR/dataset/?tags=Cadastur,6 ago. 2026,cadastur_hospedagem | cadastur_agencias_guias,Fonte bibliográfica do grupo Turismo e Cadastur.
171,Turismo e Cadastur,Referência APA 7,"Conecta gov.br. (2026). *Webservice Cadastur API* [Página institucional ou portal]. Recuperado em 6 de agosto de 2026, de https://www.gov.br/conecta/catalogo/apis/cadastur-cadastro-de-prestadores-de-servicos-turisticos",https://www.gov.br/conecta/catalogo/apis/cadastur-cadastro-de-prestadores-de-servicos-turisticos,6 ago. 2026,cadastur_hospedagem | cadastur_agencias_guias,Fonte bibliográfica do grupo Turismo e Cadastur.
172,Uso e cobertura da terra,Referência APA 7,MapBiomas Brasil. (2026). *Coleção 10.1 — cobertura e uso da terra* [Artigo científico]. https://doi.org/10.58053/MapBiomas/SJZOLT,https://doi.org/10.58053/MapBiomas/SJZOLT,6 ago. 2026,uso_cobertura_solo | mapa_mudancas_uso_solo,Fonte bibliográfica do grupo Uso e cobertura da terra.
173,Hidrovias e navegação,Referência APA 7,"Agência Nacional de Transportes Aquaviários. (2025). *Informações Geográficas — Vias Interiores Economicamente Navegadas* [Página institucional ou portal]. Recuperado em 6 de agosto de 2026, de https://www.gov.br/antaq/pt-br/central-de-conteudos/informacoes-geograficas",https://www.gov.br/antaq/pt-br/central-de-conteudos/informacoes-geograficas,6 ago. 2026,hidrovia_paraguai_ven_antaq,Fonte bibliográfica do grupo Hidrovias e navegação.
174,Hidrovias e navegação,Referência APA 7,"Agência Nacional de Transportes Aquaviários. (2026). *Projeto de concessão da Hidrovia do Paraguai* [Página institucional ou portal]. Recuperado em 6 de agosto de 2026, de https://www.gov.br/antaq/pt-br/assuntos/projetos-de-concessao/novas-concessoes-hidroviarias/paraguai",https://www.gov.br/antaq/pt-br/assuntos/projetos-de-concessao/novas-concessoes-hidroviarias/paraguai,6 ago. 2026,hidrovia_paraguai_ven_antaq,Fonte bibliográfica do grupo Hidrovias e navegação.
175,Cartografia cultural e indicadores espaciais,Referência APA 7,"Ogletree, S. S., Powell, R. B., Baldwin, R. F., & Leonard, P. B. (2019). A framework for mapping cultural resources in landscape conservation planning. *Conservation Science and Practice, 1*(6), e41. https://doi.org/10.1111/csp2.41",https://doi.org/10.1111/csp2.41,6 ago. 2026,rotas_culturais_propostas | polos_estruturantes_itinerarios_culturais_250km2 | articulacao_itinerarios_peic_rotas_250km2,Fonte bibliográfica do grupo Cartografia cultural e indicadores espaciais.
176,Metodologia dos indicadores territoriais,Referência APA 7,International Council on Monuments and Sites. (2008). *Carta do ICOMOS sobre os itinerários culturais*. https://openarchive.icomos.org/id/eprint/3141/,https://openarchive.icomos.org/id/eprint/3141/,6 ago. 2026,rotas_culturais_propostas | polos_estruturantes_itinerarios_culturais_250km2 | articulacao_itinerarios_peic_rotas_250km2,Fonte bibliográfica do grupo Metodologia dos indicadores territoriais.
177,Metodologia dos indicadores territoriais,Referência APA 7,"Organização de Estados Ibero-americanos para a Educação, a Ciência e a Cultura. (2026). *Manual de rutas e itinerarios culturales para Iberoamérica e indicadores asociados: Avanzando hacia la creación de un modelo de rutas e itinerarios culturales para Iberoamérica*. https://oei.int/wp-content/uploads/2026/05/manual-rutas-e-itinerarios-culturales-para-iberoamerica-final-v18-mayo-2025.pdf",https://oei.int/wp-content/uploads/2026/05/manual-rutas-e-itinerarios-culturales-para-iberoamerica-final-v18-mayo-2025.pdf,6 ago. 2026,rotas_culturais_propostas | polos_estruturantes_itinerarios_culturais_250km2 | articulacao_itinerarios_peic_rotas_250km2,Fonte bibliográfica do grupo Metodologia dos indicadores territoriais.
178,Metodologia dos indicadores territoriais,Referência APA 7,"United Nations Educational, Scientific and Cultural Organization. (2015). *Operational guidelines for UNESCO Global Geoparks*. https://unesdoc.unesco.org/ark:/48223/pf0000260675_eng",https://unesdoc.unesco.org/ark:/48223/pf0000260675_eng,6 ago. 2026,potencial_geocientifico_territorial_250km2,Fonte bibliográfica do grupo Metodologia dos indicadores territoriais.
179,Metodologia dos indicadores territoriais,Referência APA 7,"United Nations Educational, Scientific and Cultural Organization. (2026). *UNESCO Global Geoparks*. https://www.unesco.org/en/iggp/geoparks/about",https://www.unesco.org/en/iggp/geoparks/about,6 ago. 2026,potencial_geocientifico_territorial_250km2,Fonte bibliográfica do grupo Metodologia dos indicadores territoriais.
180,Metodologia dos indicadores territoriais,Referência APA 7,"United Nations Educational, Scientific and Cultural Organization. (2026). *Submit a UNESCO Global Geopark proposal*. https://www.unesco.org/en/iggp/geoparks/proposals",https://www.unesco.org/en/iggp/geoparks/proposals,6 ago. 2026,potencial_geocientifico_territorial_250km2,Fonte bibliográfica do grupo Metodologia dos indicadores territoriais.
181,Metodologia dos indicadores territoriais,Referência APA 7,"Simpson, E. H. (1949). Measurement of diversity. *Nature, 163*, 688. https://doi.org/10.1038/163688a0",https://doi.org/10.1038/163688a0,6 ago. 2026,potencial_geocientifico_territorial_250km2 | polos_estruturantes_itinerarios_culturais_250km2 | articulacao_itinerarios_peic_rotas_250km2,Fonte bibliográfica do grupo Metodologia dos indicadores territoriais.
182,Metodologia dos indicadores territoriais,Referência APA 7,"Perroux, F. (1955). Note sur la notion de « pôle de croissance ». *Économie Appliquée, 8*(1–2), 307–320. https://doi.org/10.3406/ecoap.1955.2522",https://doi.org/10.3406/ecoap.1955.2522,6 ago. 2026,polos_estruturantes_itinerarios_culturais_250km2 | articulacao_itinerarios_peic_rotas_250km2,Fonte bibliográfica do grupo Metodologia dos indicadores territoriais.
183,Caminho para os Ervais,Referência APA 7,"Busón Buesa, C., & Zamberlan, C. O. (2018). Rescate de caminos históricos como pauta de desarrollo sostenible. El camino para los yerbales, una ruta cultural de integración binacional. *Desenvolvimento, Fronteiras & Cidadania, 2*(1), 11–16. https://periodicosonline.uems.br/index.php/fronteiracidadania/article/view/2625",https://periodicosonline.uems.br/index.php/fronteiracidadania/article/view/2625,6 ago. 2026,rotas_culturais_propostas | pontos_interesse_itinerarios | areas_exploratorias_influencia_cartografica | trechos_itinerarios | pre_avaliacao_cartografica_itinerarios | corredores_exploratorios_aprofundamento | articulacao_itinerarios_peic_rotas_250km2,Fonte bibliográfica do grupo Caminho para os Ervais.
184,Caminho para os Ervais,Referência APA 7,"Buson, C. B., Zamberlan, C. O., Sonaglio, C., & Missio, F. (2020). A proposta do caminho para os ervais: Desenvolvendo territórios através da criação de itinerários culturais na fronteira Brasil–Paraguai. *Espacio Tiempo y Forma. Serie VI, Geografía*, (13), 35–54. https://doi.org/10.5944/etfvi.13.2020.27170",https://doi.org/10.5944/etfvi.13.2020.27170,6 ago. 2026,rotas_culturais_propostas | pontos_interesse_itinerarios | areas_exploratorias_influencia_cartografica | trechos_itinerarios | pre_avaliacao_cartografica_itinerarios | corredores_exploratorios_aprofundamento | articulacao_itinerarios_peic_rotas_250km2,Fonte bibliográfica do grupo Caminho para os Ervais.
185,Caminho para os Ervais,Referência APA 7,"Sonaglio, C. M., Zamberlan, C. O., & Busón, C. (2020). Patrimonialização como estratégia de desenvolvimento regional: Uma proposta para o “Caminho para os Ervais”. *Profanações, 7*(ed. esp.), 43–60. https://doi.org/10.24302/prof.v7iEd.esp.2610",https://doi.org/10.24302/prof.v7iEd.esp.2610,6 ago. 2026,rotas_culturais_propostas | pontos_interesse_itinerarios | areas_exploratorias_influencia_cartografica | trechos_itinerarios | pre_avaliacao_cartografica_itinerarios | corredores_exploratorios_aprofundamento | articulacao_itinerarios_peic_rotas_250km2,Fonte bibliográfica do grupo Caminho para os Ervais.
186,Caminho para os Ervais,Referência APA 7,"Zamberlan, C. O., Sonaglio, C. M., & Busón Buesa, C. (2022). Patrimonialização de território como estratégia de desenvolvimento: O caso das propostas “Caminho para os Ervais” e “Paisagem Cultural Ervateira”. In C. M. Sonaglio & C. O. Zamberlan (Orgs.), *Desenvolvimento regional: Visões, estratégias e perspectivas* (pp. 1–16). Editora UFSM. https://editoraufsm.com.br/ultimos-lancamentos/desenvolvimento-regional-ebook.html",https://editoraufsm.com.br/ultimos-lancamentos/desenvolvimento-regional-ebook.html,6 ago. 2026,rotas_culturais_propostas | pontos_interesse_itinerarios | areas_exploratorias_influencia_cartografica | trechos_itinerarios | pre_avaliacao_cartografica_itinerarios | corredores_exploratorios_aprofundamento | articulacao_itinerarios_peic_rotas_250km2,Fonte bibliográfica do grupo Caminho para os Ervais.
187,Caminho para os Ervais,Referência APA 7,"Sonaglio, C. M., & Zamberlan, C. O. (2022). Itinerário cultural “Caminho para os Ervais” como proposta de desenvolvimento regional. *Revista Produção e Desenvolvimento, 8*(1), e605. https://doi.org/10.32358/rpd.2022.v8.605",https://doi.org/10.32358/rpd.2022.v8.605,6 ago. 2026,rotas_culturais_propostas | pontos_interesse_itinerarios | areas_exploratorias_influencia_cartografica | trechos_itinerarios | pre_avaliacao_cartografica_itinerarios | corredores_exploratorios_aprofundamento | articulacao_itinerarios_peic_rotas_250km2,Fonte bibliográfica do grupo Caminho para os Ervais.
188,Extensão e ativação geocientífica,Referência APA 7,Universidade Federal de Mato Grosso do Sul. (2016). *47ª OfiCiência será em Rio Verde de Mato Grosso*. https://www.ufms.br/47a-oficiencia-sera-em-rio-verde-de-mato-grosso/,https://www.ufms.br/47a-oficiencia-sera-em-rio-verde-de-mato-grosso/,6 ago. 2026,ativacao_geocientifica_extensao,Fonte bibliográfica do grupo Extensão e ativação geocientífica.
189,Extensão e ativação geocientífica,Referência APA 7,Diário do Estado MS. (2025). *I HidroGeoDia em Rio Verde de Mato Grosso*. https://cdn.diariodoestadoms.com.br/upload/dn_arquivo/2025/03/jornal-25-de-marco-de-2025-comprimido.pdf,https://cdn.diariodoestadoms.com.br/upload/dn_arquivo/2025/03/jornal-25-de-marco-de-2025-comprimido.pdf,6 ago. 2026,ativacao_geocientifica_extensao,Fonte bibliográfica do grupo Extensão e ativação geocientífica.
190,Extensão e ativação geocientífica,Referência APA 7,"Gabas, S. G., & Busón, C. (2026). *HidroGeoDia em Mato Grosso do Sul*. Revista Espaço Pedagógico. https://doi.org/10.5335/rep.v33.17418",https://doi.org/10.5335/rep.v33.17418,6 ago. 2026,ativacao_geocientifica_extensao,Fonte bibliográfica do grupo Extensão e ativação geocientífica.
