id,name,group,mode,source,expectedGeometry,originType,dataStatus,validationLevel,license,url,sourcePage,downloadUrl,deriveAction
municipios_sedes,Sedes municipais e população estimada 2025,territorio,embedded,IBGE e compilação municipal do projeto,Point,local,incorporada no pacote,documental,CC BY 4.0 para a compilação e os produtos autorais; manter atribuição e termos das fontes primárias,,,,
municipios_limites,Limites municipais,territorio,arcgis,PIN MS e IMASUL,Conforme fonte,serviço oficial,capturável sob demanda,oficial na fonte,Consultar licença ou termos da instituição responsável,https://www.pinms.ms.gov.br/arcgis/rest/services/IMASUL/ESTADO_DE_MS_POLITICO/FeatureServer/0,,,
localidades_aglomerados,Sedes e aglomerados rurais e urbanos,territorio,arcgis,PIN MS e AGRAER,Conforme fonte,serviço oficial,capturável sob demanda,oficial na fonte,Consultar licença ou termos da instituição responsável,https://www.pinms.ms.gov.br/arcgis/rest/services/AGRAER_SERVICOS/Sede_dos_municipios_e_aglomerados_rurais_e_urbano/FeatureServer/1,,,
localidades_populacoes,Localidades e populações consolidadas,territorio,embedded,IBGE e núcleo local consolidado da v1.7.0,Mixed,local,incorporada no pacote,documental,CC BY 4.0 para a compilação e os produtos autorais; manter atribuição e termos das fontes primárias,,,,
localidades_ibge_completas,Localidades completas do IBGE,territorio,ibgezip,IBGE Localidades do Brasil 2022,Conforme fonte,download oficial,processamento sob demanda,oficial na fonte,Consultar licença ou termos da instituição responsável,https://geoftp.ibge.gov.br/organizacao_do_territorio/estrutura_territorial/localidades/Localidades_do_Brasil/2022/Localidades_UFs_shp.zip,,,
assentamentos_rurais_incra,Assentamentos rurais da reforma agrária,territorio,arcgis,"INCRA, projetos de assentamento publicados no PAMGIA IBAMA",Conforme fonte,serviço oficial,capturável sob demanda,oficial na fonte,Consultar licença ou termos da instituição responsável,https://pamgia.ibama.gov.br/server/rest/services/01_Publicacoes_Bases/assentamentos_incra/FeatureServer/1,,,
localidades_indigenas_ibge,Aldeias e localidades indígenas,comunidades,embedded,"IBGE Censo Demográfico 2022, atualização de 19 de setembro de 2025",Point,local,incorporada no pacote,documental,CC BY 4.0 para a compilação e os produtos autorais; manter atribuição e termos das fontes primárias,,,,
localidades_quilombolas_ibge,Comunidades e localidades quilombolas,comunidades,embedded,"IBGE Censo Demográfico 2022, arquivo de 10 de julho de 2024",Point,local,incorporada no pacote,documental,CC BY 4.0 para a compilação e os produtos autorais; manter atribuição e termos das fontes primárias,,,,
terras_indigenas_poligonos,Terras indígenas e fases administrativas,comunidades,arcgis,FUNAI. Polígonos oficiais e fases administrativas. Serviço sincronizado pelo PAMGIA IBAMA,Conforme fonte,serviço oficial,capturável sob demanda,oficial na fonte,Consultar licença ou termos da instituição responsável,https://pamgia.ibama.gov.br/server/rest/services/01_Publicacoes_Bases/lim_terra_indigena_a/FeatureServer/12,https://www.gov.br/funai/pt-br/atuacao/terras-indigenas/geoprocessamento-e-mapas,https://geoserver.funai.gov.br/geoserver/Funai/ows?service=WFS&version=1.0.0&request=GetFeature&typeName=Funai%3Aterra_indigena&outputFormat=SHAPE-ZIP&CQL_FILTER=uf_sigla%3D%27MS%27,
municipios_pontos_fronteira_alfandegados,Municípios com pontos alfandegados de fronteira,mobilidade,embedded,Receita Federal do Brasil e sedes municipais IBGE. Os pontos representam municípios e não a localização exata dos postos,Point,local,incorporada no pacote,documental,CC BY 4.0 para a compilação e os produtos autorais; manter atribuição e termos das fontes primárias,,,,
retirada_laguna_nodos_municipais,Nós municipais da Retirada da Laguna,patrimonio,embedded,Decreto Estadual nº 12.897 de 2009 e sedes municipais IBGE. Não constitui uma linha oficial de rota,Point,local,incorporada no pacote,documental,CC BY 4.0 para a compilação e os produtos autorais; manter atribuição e termos das fontes primárias,,,,
territorios_quilombolas_poligonos,Territórios quilombolas delimitados e titulados,comunidades,arcgis,"INCRA, camada sincronizada pelo PAMGIA IBAMA",Conforme fonte,serviço oficial,capturável sob demanda,oficial na fonte,Consultar licença ou termos da instituição responsável,https://pamgia.ibama.gov.br/server/rest/services/BasesSincronizadas/lim_quilombos_incra_a/FeatureServer/0,,,
rodovias_estaduais,Rodovias estaduais,infra,arcgis,"PIN MS, AGRAER e AGESUL",Conforme fonte,serviço oficial,capturável sob demanda,oficial na fonte,Consultar licença ou termos da instituição responsável,https://www.pinms.ms.gov.br/arcgis/rest/services/AGRAER_SERVICOS/Viario_MS/FeatureServer/1,,,
rodovias_federais,Rodovias federais,infra,arcgis,PIN MS e DNIT,Conforme fonte,serviço oficial,capturável sob demanda,oficial na fonte,Consultar licença ou termos da instituição responsável,https://www.pinms.ms.gov.br/arcgis/rest/services/AGRAER_SERVICOS/Viario_MS/FeatureServer/2,,,
estradas_vicinais,Estradas vicinais,infra,arcgis,PIN MS e AGRAER,Conforme fonte,serviço oficial,capturável sob demanda,oficial na fonte,Consultar licença ou termos da instituição responsável,https://www.pinms.ms.gov.br/arcgis/rest/services/AGRAER_SERVICOS/Estradas_Vicinais/MapServer/0,,,
rede_hidrica,Rede hídrica,infra,arcgis,"PIN MS, AGRAER e ANA",Conforme fonte,serviço oficial,capturável sob demanda,oficial na fonte,Consultar licença ou termos da instituição responsável,https://www.pinms.ms.gov.br/arcgis/rest/services/AGRAER_SERVICOS/Hidrografia_MS/FeatureServer/0,,,
bcr_bens_culturais_ms,Bens culturais relacionados com Mato Grosso do Sul,patrimonio,embedded,Banco de Referências Culturais do IPHAN,Point,local,incorporada no pacote,documental,CC BY 4.0 para a compilação e os produtos autorais; manter atribuição e termos das fontes primárias,,,,
sitios_arqueologicos_pontos,Sítios arqueológicos,patrimonio,arcgis,IPHAN sincronizado pelo PAMGIA IBAMA,Conforme fonte,serviço oficial,capturável sob demanda,oficial na fonte,Consultar licença ou termos da instituição responsável,https://pamgia.ibama.gov.br/server/rest/services/BasesSincronizadas/loc_sitios_arqueologicos_iphan_p/MapServer/0,,,
sitios_arqueologicos_poligonos,Delimitações arqueológicas,patrimonio,arcgis,IPHAN sincronizado pelo PAMGIA IBAMA,Conforme fonte,serviço oficial,capturável sob demanda,oficial na fonte,Consultar licença ou termos da instituição responsável,https://pamgia.ibama.gov.br/server/rest/services/BasesSincronizadas/lim_sitios_arqueologicos_iphan_a/FeatureServer/0,,,
escolas,Escolas do Censo Escolar,educacao,remotezip,INEP Censo Escolar 2025,Conforme fonte,download oficial,processamento sob demanda,oficial na fonte,Consultar licença ou termos da instituição responsável,https://download.inep.gov.br/dados_abertos/microdados_censo_escolar_2025_.zip,,,
campus_ensino_superior,"Referências cartográficas preliminares — Campus universitários, faculdades e institutos federais",educacao,overpass,"Captura espacial OpenStreetMap. Validação institucional por e-MEC, UFMS, UEMS, UFGD e IFMS Os resultados são pontos representativos do OpenStreetMap e não equivalem ao cadastro institucional.",Point representativo,cartografia colaborativa preliminar,captura preliminar sujeita a validação,exploratória,ODbL 1.0 para a geometria OSM; validar termos das fontes institucionais,https://emec.mec.gov.br/,,,
geodiversidade_candidatos,Lugares candidatos do levantamento do projeto,geodiversidade,embedded,Levantamento do projeto,Point,local,incorporada no pacote,documental,CC BY 4.0 para a compilação e os produtos autorais; manter atribuição e termos das fontes primárias,,,,
geossit_registros_ms,Registros GEOSSIT de Mato Grosso do Sul,geodiversidade,embedded,Serviço Geológico do Brasil. Registros com status Em análise na data de corte,Point,local,incorporada no pacote,documental,CC BY 4.0 para a compilação e os produtos autorais; manter atribuição e termos das fontes primárias,,,,
geossitios_decreto_12897_2009,54 geossítios do Decreto Estadual 12.897 de 2009,geodiversidade,embedded,"Governo de Mato Grosso do Sul. Anexo I do Decreto Estadual nº 12.897/2009. 54 registros documentais, 40 pontos georreferenciados e 14 geometrias pendentes",Point and pending line/area,local,incorporada no pacote,documental,CC BY 4.0 para a compilação e os produtos autorais; manter atribuição e termos das fontes primárias,,,,
mapa_geologico_ms,Mapa geológico de Mato Grosso do Sul 1:1.000.000,geodiversidade,arcgis,"Serviço Geológico do Brasil, unidades litoestratigráficas do mapeamento estadual 1:1.000.000 [2006]",Conforme fonte,serviço oficial,capturável sob demanda,oficial na fonte,Consultar licença ou termos da instituição responsável,https://geoportal.sgb.gov.br/server/rest/services/geologia/litoestratigrafia_estados/MapServer/7,https://geoportal.sgb.gov.br/server/rest/services/geologia/litoestratigrafia_estados/MapServer,,
mapa_hidrogeologico_ms,Mapa hidrogeológico de Mato Grosso do Sul,geodiversidade,arcgis,"Serviço Geológico do Brasil. Recorte vetorial do Atlas Hidrogeológico e referência ao mapa estadual 2024, escala 1:1.000.000",Conforme fonte,serviço oficial,capturável sob demanda,oficial na fonte,Consultar licença ou termos da instituição responsável,https://geoportal.sgb.gov.br/server/rest/services/hidrologia/Mapa_Hidrogeologico_Atlas_Brasil/MapServer/1,https://rigeo.sgb.gov.br/handle/doc/25365,https://rigeo.sgb.gov.br/bitstreams/8b3ea851-588c-422d-8dd6-2d1e508be11d/download,
sistema_aquifero_guarani_ana,Sistema Aquífero Guarani,geodiversidade,external,ANA. Sistemas Aquíferos do Brasil. Geometria local ainda não incorporada nesta versão,Conforme fonte,portal externo,consulta externa,documental,Consultar licença ou termos da instituição responsável,https://metadados.snirh.gov.br/geonetwork/geonetwork/api/records/3ec60e4f-85ea-4ba7-a90c-734b57594f90,https://metadados.snirh.gov.br/geonetwork/geonetwork/api/records/3ec60e4f-85ea-4ba7-a90c-734b57594f90,,
mapa_geomorfologico_ibge,Mapa geomorfológico do estado,geodiversidade,external,"IBGE BDiA. Geomorfologia, unidades do relevo e dados vetoriais oficiais",Conforme fonte,portal externo,consulta externa,documental,Consultar licença ou termos da instituição responsável,https://bdiaweb.ibge.gov.br/,https://www.ibge.gov.br/geociencias/informacoes-ambientais/geomorfologia/10870-geomorfologia.html,https://geoftp.ibge.gov.br/informacoes_ambientais/geomorfologia/,
mapa_altimetria_ms,Mapa de altimetria e hipsometria,geodiversidade,arcgisMap,SEMADESC e PIN MS. Altimetria de Mato Grosso do Sul,Conforme fonte,mapa oficial dinâmico,visualização dinâmica,oficial na fonte,Consultar licença ou termos da instituição responsável,https://www.pinms.ms.gov.br/arcgis/rest/services/SEMADESC/SEMADESC_MAPAS/MapServer/5,https://www.dados.ms.gov.br/dataset/altimetria-ms,,
mapa_declividade_topodata,Mapa de declividade e formas do terreno,geodiversidade,external,INPE TOPODATA. Declividade e variáveis geomorfométricas derivadas do SRTM,Conforme fonte,portal externo,consulta externa,documental,Consultar licença ou termos da instituição responsável,https://data.inpe.br/dados/topodata/,https://www.dsr.inpe.br/topodata/acesso.php,,
mapa_recursos_minerais_ms,Recursos minerais e ocorrências geológicas,geodiversidade,arcgisMap,Serviço Geológico do Brasil. Ocorrências minerais do GeoSGB,Conforme fonte,mapa oficial dinâmico,visualização dinâmica,oficial na fonte,Consultar licença ou termos da instituição responsável,https://geoportal.sgb.gov.br/server/rest/services/geologia/ocorrencias/MapServer/0,https://geoportal.sgb.gov.br/server/rest/services/geologia/ocorrencias/MapServer,,
lugares_interesse_geologico_propostos,Lugares de interesse geológico propostos ou indicados,geodiversidade,embedded,Proposta histórica SGB CPRM e levantamento do projeto,Conforme fonte,local,incorporada no pacote,documental,CC BY 4.0 para a compilação e os produtos autorais; manter atribuição e termos das fontes primárias,,,,
geossitios_compilados_niveis_precisao,Geossítios compilados com níveis de precisão,geodiversidade,embedded,"Decreto Estadual nº 12.897/2009, GEOSSIT, SIGEP e fontes técnicas declaradas",Point,local,incorporada no pacote,documental,CC BY 4.0 para a compilação e os produtos autorais; manter atribuição e termos das fontes primárias,,,,
festividades_inventario_2026,"Festas municipais, festividades e eventos até agosto de 2026",eventos,embedded,Inventário documental com data de corte em 6 de agosto de 2026,Point,local,incorporada no pacote,documental,CC BY 4.0 para a compilação e os produtos autorais; manter atribuição e termos das fontes primárias,,,,
rotas_culturais_propostas,Propostas metodológicas de rotas e itinerários culturais — marco PRICI,eventos,embedded,"Projeto de pesquisa científica. Fontes específicas por registro. A seleção e a geometria comparativa são autorais, revisáveis e não aprovadas pelo PRICI",LineString,local,incorporada no pacote,pesquisa exploratória e revisável,"CC BY 4.0 para a composição, atributos e geometria autorais; bases documentais mantêm seus termos originais",,,,
pontos_interesse_itinerarios,Pontos de interesse para itinerários,eventos,embedded,"Integração local de patrimônio, geodiversidade, festividades, fronteira e memória histórica",Point,local,incorporada no pacote,documental,CC BY 4.0 para a compilação e os produtos autorais; manter atribuição e termos das fontes primárias,,,,
patrimonio_material_tombado,Bens materiais tombados pelo IPHAN — base oficial,cultura,officialxlsx,"IPHAN. Planilha oficial de bens tombados e em processo de tombamento, edição de maio de 2026. Geometria exata preservada quando presente; na ausência, usa sede municipal representativa.",Point exato ou sede municipal representativa,download oficial,capturável sob demanda e importável manualmente,oficial na fonte; posicionamento municipal derivado quando necessário,Conteúdo institucional sob CC BY-ND 3.0 conforme portal gov.br; compilação espacial e metadados autorais sob CC BY 4.0.,https://www.gov.br/iphan/pt-br/patrimonio-cultural/patrimonio-material/bens-tombados/2026_05_iphan_t.xlsx,https://www.gov.br/iphan/pt-br/patrimonio-cultural/patrimonio-material/bens-tombados,https://www.gov.br/iphan/pt-br/patrimonio-cultural/patrimonio-material/bens-tombados/2026_05_iphan_t.xlsx,
patrimonio_estadual_estacoes_ferroviarias,Referências cartográficas preliminares — Patrimônio estadual e estações ferroviárias inventariadas,cultura,overpass,"Fundação de Cultura de Mato Grosso do Sul, guias e inventários patrimoniais Geometria capturada no OpenStreetMap e sujeita a validação institucional. Os resultados são pontos representativos do OpenStreetMap e não equivalem ao cadastro institucional.",Point representativo,cartografia colaborativa preliminar,captura preliminar sujeita a validação,exploratória,ODbL 1.0 para a geometria OSM; validar termos das fontes institucionais,https://www.fundacaodecultura.ms.gov.br/informativos/guias-e-manuais/,,,
museus_pontos_memoria,Museus e pontos de memória — MuseusBr/IBRAM,cultura,tainacan,"IBRAM. Cadastro Nacional de Museus na Plataforma MuseusBr, coleção pública Tainacan. O atlas retém somente campos institucionais necessários e não reproduz contatos pessoais.",Point oficial ou sede municipal representativa,API oficial pública,capturável sob demanda e importável manualmente,cadastro oficial ou colaborativo conforme status declarado na fonte,Dados abertos MuseusBr; preservar atribuição ao IBRAM e o status de verificação de cada registro.,https://cadastro.museus.gov.br/wp-json/tainacan/v2/collection/208/items/,https://cadastro.museus.gov.br/,https://cadastro.museus.gov.br/instrumentos-de-documentacao/tainacan/,
bibliotecas_arquivos,"Referências cartográficas preliminares — Bibliotecas públicas, comunitárias e arquivos",cultura,overpass,Captura espacial OpenStreetMap. Validação pelo SNBP e Sistema Estadual de Bibliotecas de MS Os resultados são pontos representativos do OpenStreetMap e não equivalem ao cadastro institucional.,Point representativo,cartografia colaborativa preliminar,captura preliminar sujeita a validação,exploratória,ODbL 1.0 para a geometria OSM; validar termos das fontes institucionais,https://www.gov.br/cultura/pt-br/assuntos/sistema-nacional-de-bibliotecas-publicas-snbp/pnld-bibliotecas/pnld-mato-grosso-do-sul,,,
espacos_culturais,"Referências cartográficas preliminares — Centros culturais, teatros e outros espaços culturais",cultura,overpass,Mapa da Cultura e Mapa Cultural de Mato Grosso do Sul Geometria capturada no OpenStreetMap e sujeita a validação institucional. Os resultados são pontos representativos do OpenStreetMap e não equivalem ao cadastro institucional.,Point representativo,cartografia colaborativa preliminar,captura preliminar sujeita a validação,exploratória,ODbL 1.0 para a geometria OSM; validar termos das fontes institucionais,https://dados.cultura.gov.br/dataset/mapa-da-cultura,,,
unidades_conservacao,Unidades de conservação — CNUC,ambiente,wfs,"CNUC/MMA. Captura oficial por WFS do ICMBio/INDE, com recorte espacial de Mato Grosso do Sul e espelho PAMGIA como contingência.",Polygon ou MultiPolygon,serviço oficial dinâmico,capturável sob demanda,oficial na fonte; recorte técnico do atlas,"Creative Commons Atribuição no recurso CNUC. Preservar atribuição, metadados e termos da fonte.",https://geoservicos.inde.gov.br/geoserver/ICMBio/ows?service=wfs&version=2.0.0&request=GetCapabilities,https://dados.mma.gov.br/dataset/44b6dc8a-dc82-4a84-8d95-1b0da7c85dac/resource/b1f7a269-a0b2-4a81-9ac5-108905e74a00,https://dados.mma.gov.br/dataset/44b6dc8a-dc82-4a84-8d95-1b0da7c85dac/resource/b1f7a269-a0b2-4a81-9ac5-108905e74a00,
parque_nacional_serra_bodoquena,Parque Nacional da Serra da Bodoquena,ambiente,arcgis,"CNUC, MMA, ICMBio e PAMGIA IBAMA. Recorte filtrado da unidade federal",Conforme fonte,serviço oficial,capturável sob demanda,oficial na fonte,Consultar licença ou termos da instituição responsável,https://pamgia.ibama.gov.br/server/rest/services/BasesSincronizadas/lim_unidades_conserva%C3%A7%C3%A3o_mma_a/FeatureServer/0,https://www.gov.br/icmbio/pt-br/assuntos/biodiversidade/unidade-de-conservacao/unidades-de-biomas/cerrado/lista-de-ucs/parna-da-serra-da-bodoquena,,
mapa_bacias_uepgrh,"Bacias, sub-bacias e unidades de planejamento hídrico",ambiente,arcgisMap,SEMADESC e PIN MS. Sub-bacias do Paraguai e Paraná e UEPGRH,Conforme fonte,mapa oficial dinâmico,visualização dinâmica,oficial na fonte,Consultar licença ou termos da instituição responsável,https://www.pinms.ms.gov.br/arcgis/rest/services/SEMADESC/SEMADESC_MAPAS/MapServer,https://www.pinms.ms.gov.br/arcgis/rest/services/SEMADESC/SEMADESC_MAPAS/MapServer/79,,
mapa_disponibilidade_hidrica,Disponibilidade hídrica superficial e água disponível no solo,ambiente,arcgisMap,SEMADESC e PIN MS. Disponibilidade hídrica superficial e água disponível no solo,Conforme fonte,mapa oficial dinâmico,visualização dinâmica,oficial na fonte,Consultar licença ou termos da instituição responsável,https://www.pinms.ms.gov.br/arcgis/rest/services/SEMADESC/SEMADESC_MAPAS/MapServer,,,
mapa_qualidade_agua_ana,Qualidade da água e estações de monitoramento,ambiente,external,ANA. Rede Nacional de Monitoramento da Qualidade da Água,Conforme fonte,portal externo,consulta externa,documental,Consultar licença ou termos da instituição responsável,https://qualidadedaagua.ana.gov.br/,https://www.gov.br/ana/pt-br/assuntos/monitoramento-e-eventos-criticos/qualidade-da-agua,,
mapa_focos_calor_risco,"Focos de calor, áreas queimadas e risco de fogo",ambiente,arcgisMap,IBAMA PAMGIA e INPE Programa Queimadas. Focos atualizados e acesso a risco e áreas queimadas,Conforme fonte,mapa oficial dinâmico,visualização dinâmica,oficial na fonte,Consultar licença ou termos da instituição responsável,https://pamgia.ibama.gov.br/server/rest/services/DDA/focos_calor_dda/MapServer,https://data.inpe.br/queimadas/painel-do-fogo/,https://data.inpe.br/queimadas/dados-abertos/,
mapa_climatico_ms,"Mapa climático, precipitação e temperatura",ambiente,external,"CEMTEC MS e INMET. Estações, séries meteorológicas e produtos climáticos",Conforme fonte,portal externo,consulta externa,documental,Consultar licença ou termos da instituição responsável,https://www.cemtec.ms.gov.br/bancodedados/,https://portal.inmet.gov.br/,,
cavernas_canie,Cavidades naturais subterrâneas — CANIE/CECAV,ambiente,wfs,"CANIE/CECAV/ICMBio. Captura oficial por WFS do ICMBio/INDE, com recorte de Mato Grosso do Sul e espelho Infra S.A. como contingência.",Point,serviço oficial dinâmico,capturável sob demanda,nível de validação preservado quando disponível na fonte,"Reutilização permitida com citação da fonte CANIE, conforme instruções do CECAV. Preservar limitações e metadados.",https://geoservicos.inde.gov.br/geoserver/ICMBio/ows?service=wfs&version=2.0.0&request=GetCapabilities,https://www.gov.br/icmbio/pt-br/assuntos/centros-de-pesquisa/cavernas/cadastro-nacional-de-informacoes-espeleologicas/canie/,https://www.gov.br/icmbio/pt-br/assuntos/centros-de-pesquisa/cavernas/cadastro-nacional-de-informacoes-espeleologicas/cav_canie_geral_19122022.zip/view,
barragens_snisb,Barragens cadastradas no SNISB — consulta oficial,ambiente,external,"ANA, Sistema Nacional de Informações sobre Segurança de Barragens",Point representativo,portal externo,consulta externa,oficial na fonte,ODbL 1.0 para a geometria OSM; validar termos das fontes institucionais,https://www.snisb.gov.br/consultar-barragem/,,,
centros_visitantes_trilhas,"Referências cartográficas preliminares — Centros de visitantes, trilhas e acessos autorizados",ambiente,overpass,"ICMBio, IMASUL e planos de manejo Geometria capturada no OpenStreetMap e sujeita a validação institucional. Os resultados são pontos representativos do OpenStreetMap e não equivalem ao cadastro institucional.",Point representativo,cartografia colaborativa preliminar,captura preliminar sujeita a validação,exploratória,ODbL 1.0 para a geometria OSM; validar termos das fontes institucionais,https://www.gov.br/icmbio/pt-br/dados-icmbio/dados_geoespaciais,,,
pantanal_monitoramento_fogo,Monitoramento de focos de calor no Pantanal,ambiente,arcgisMap,IBAMA. Serviço histórico de focos no Pantanal e referência ao Pantanal em Alerta,Conforme fonte,mapa oficial dinâmico,visualização dinâmica,oficial na fonte,Consultar licença ou termos da instituição responsável,https://pamgia.ibama.gov.br/server/rest/services/Focos_Pantanal_Historico_MIL1/MapServer,https://www.gov.br/ibama/pt-br/assuntos/noticias/2024/ibama-lanca-plataforma-pantanal-em-alerta,,
cadastur_hospedagem,Cadastur oficial — meios de hospedagem por município,turismo,ckan,"Ministério do Turismo. Cadastur, conjunto de meios de hospedagem. Os registros são agregados por município para evitar exposição desnecessária de dados cadastrais individuais.",Sede municipal representativa,dados abertos oficiais CKAN,capturável sob demanda e importável manualmente,oficial na fonte; síntese municipal derivada pelo atlas,"Open Database License, ODbL, conforme catálogo do Ministério do Turismo.",https://dados.turismo.gov.br/api/3/action/package_search?q=Cadastur&rows=100,https://dados.turismo.gov.br/pt_BR/dataset/meios-de-hospedagem,,
cadastur_agencias_guias,"Cadastur oficial — agências, guias e transportadoras por município",turismo,ckan,"Ministério do Turismo. Cadastur, agências, guias e transportadoras. Dados agregados por município e categoria; nomes, CPF, telefone, e-mail e endereços individuais não são publicados pelo atlas.",Sede municipal representativa,dados abertos oficiais CKAN,capturável sob demanda e importável manualmente,oficial na fonte; síntese municipal derivada pelo atlas,"Open Database License, ODbL, conforme catálogo do Ministério do Turismo.",https://dados.turismo.gov.br/api/3/action/package_search?q=Cadastur&rows=100,https://dados.turismo.gov.br/pt_BR/dataset/?tags=Cadastur,,
centros_atendimento_turista,Referências cartográficas preliminares — Centros de atendimento ao turista,turismo,overpass,Captura espacial OpenStreetMap. Validação pela Fundtur MS e órgãos municipais Os resultados são pontos representativos do OpenStreetMap e não equivalem ao cadastro institucional.,Point representativo,cartografia colaborativa preliminar,captura preliminar sujeita a validação,exploratória,ODbL 1.0 para a geometria OSM; validar termos das fontes institucionais,https://www.turismo.ms.gov.br/informacoes-turisticas/,,,
turismo_rural_comunitario,"Referências cartográficas preliminares — Turismo rural, comunitário e propriedades de visitação",turismo,overpass,"Fundtur MS, Cadastur e inventários municipais Geometria capturada no OpenStreetMap e sujeita a validação institucional. Os resultados são pontos representativos do OpenStreetMap e não equivalem ao cadastro institucional.",Point representativo,cartografia colaborativa preliminar,captura preliminar sujeita a validação,exploratória,ODbL 1.0 para a geometria OSM; validar termos das fontes institucionais,https://www.turismo.ms.gov.br/,,,
regioes_municipios_turisticos,Regiões e municípios do Mapa do Turismo Brasileiro,turismo,external,"Ministério do Turismo, Programa de Regionalização do Turismo",Conforme fonte,portal externo,consulta externa,documental,ODbL conforme catálogo de dados abertos do Ministério do Turismo,https://www.gov.br/turismo/pt-br/acesso-a-informacao/acoes-e-programas/programas-projetos-acoes-obras-e-atividades/programa-de-regionalizacao-do-turismo-2/mapa-do-turismo-brasileiro/mapa-do-turismo-brasileiro,https://dados.turismo.gov.br/pt_BR/dataset/mapa-do-turismo-brasileiro,,
ferrovias_operacao,Ferrovias concedidas em operação,mobilidade,arcgis,ANTT e Infra S.A.,Conforme fonte,serviço oficial,capturável sob demanda,oficial na fonte,Consultar licença ou termos da instituição responsável,https://geo.infrasa.gov.br/server/rest/services/Ferrovias_Concedidas_em_opera%C3%A7%C3%A3o/FeatureServer/0,,,
terminais_ferroviarios,Terminais e pátios ferroviários,mobilidade,arcgis,Infra S.A. e ANTT,Conforme fonte,serviço oficial,capturável sob demanda,oficial na fonte,Consultar licença ou termos da instituição responsável,https://geo.infrasa.gov.br/server/rest/services/Hosted/Terminal_Ferrovi%C3%A1rio/FeatureServer/0,,,
instalacoes_portuarias,"Portos, terminais e instalações portuárias",mobilidade,arcgis,ANTAQ e Infra S.A.,Conforme fonte,serviço oficial,capturável sob demanda,oficial na fonte,Consultar licença ou termos da instituição responsável,https://geo.infrasa.gov.br/server/rest/services/Terminais_Portu%C3%A1rias/FeatureServer/0,,,
hidrovia_paraguai_ven_antaq,Hidrovia do Paraguai e vias economicamente navegadas — ANTAQ,mobilidade,officialzip,"ANTAQ. Vias Interiores Economicamente Navegadas, VEN 2022, com recorte espacial de Mato Grosso do Sul. Deve ser distinguida do projeto de concessão de 600 km da Hidrovia do Rio Paraguai.",LineString ou MultiLineString,download geoespacial oficial,capturável sob demanda e importável manualmente,oficial na fonte; recorte espacial técnico do atlas,Conteúdo ANTAQ sob CC BY-ND 3.0 conforme portal; preservar atribuição e integridade da fonte.,https://www.gov.br/antaq/pt-br/central-de-conteudos/SHP_VEN2022completo.zip,https://www.gov.br/antaq/pt-br/central-de-conteudos/informacoes-geograficas,https://www.gov.br/antaq/pt-br/central-de-conteudos/SHP_VEN2022completo.zip,
aeroportos_aerodromos,Aeroportos e aeródromos,mobilidade,arcgis,ANAC e Infra S.A.,Conforme fonte,serviço oficial,capturável sob demanda,oficial na fonte,Consultar licença ou termos da instituição responsável,https://geo.infrasa.gov.br/server/rest/services/Aeroportos/FeatureServer/0,,,
terminais_rodoviarios,Referências cartográficas preliminares — Estações e terminais rodoviários municipais,mobilidade,overpass,Captura espacial OpenStreetMap. Validação operacional pela AGEMS e municípios Os resultados são pontos representativos do OpenStreetMap e não equivalem ao cadastro institucional.,Point representativo,cartografia colaborativa preliminar,captura preliminar sujeita a validação,exploratória,ODbL 1.0 para a geometria OSM; validar termos das fontes institucionais,https://www.agems.ms.gov.br/informativo/transporte-rodoviario-intermunicipal/,,,
terminais_rodoviarios_fronteiras,"Referências cartográficas preliminares — Pontes, passagens e pontos de fronteira",mobilidade,overpass,"Infra S.A., DNIT e inventários municipais Geometria capturada no OpenStreetMap e sujeita a validação institucional. Os resultados são pontos representativos do OpenStreetMap e não equivalem ao cadastro institucional.",Point representativo,cartografia colaborativa preliminar,captura preliminar sujeita a validação,exploratória,ODbL 1.0 para a geometria OSM; validar termos das fontes institucionais,https://geoportal.infrasa.gov.br/ontl/,,,
condicao_pavimento,"Condição do pavimento, obras e interrupções",mobilidade,external,DNIT Dados Abertos,Conforme fonte,portal externo,consulta externa,documental,Consultar licença ou termos da instituição responsável,https://www.gov.br/dnit/pt-br/acesso-a-informacao/dados-abertos/conjuntos-de-dados,,,
concessoes_rodoviarias,Concessões rodoviárias e operação,mobilidade,arcgis,ANTT e Infra S.A.,Conforme fonte,serviço oficial,capturável sob demanda,oficial na fonte,Consultar licença ou termos da instituição responsável,https://geo.infrasa.gov.br/server/rest/services/Hosted/Concess%C3%B5es_Rodovi%C3%A1rias/FeatureServer/35,,,
mapa_solos_ms,Mapa de solos de Mato Grosso do Sul 1:250.000,paisagem,arcgisMap,IMASUL e PIN MS. Solos de Mato Grosso do Sul na escala 1:250.000,Conforme fonte,mapa oficial dinâmico,visualização dinâmica,oficial na fonte,Consultar licença ou termos da instituição responsável,https://www.pinms.ms.gov.br/arcgis/rest/services/IMASUL/SiriemaGeo_Sisla/MapServer/42,,,
mapa_fragilidade_ambiental_zae,Mapa de fragilidade ambiental,paisagem,external,SEMADESC e Embrapa Solos. Produto do Zoneamento Agroecológico de Mato Grosso do Sul,Conforme fonte,portal externo,consulta externa,documental,Consultar licença ou termos da instituição responsável,https://www.semadesc.ms.gov.br/programas-e-projetos/zae-ms/,https://www.semadesc.ms.gov.br/mato-grosso-do-sul-ganha-o-maior-raio-x-de-solos-do-brasil-com-estudo-da-embrapa/,,
mapa_vegetacao_original_radam,Mapa de vegetação original RADAM,paisagem,arcgisMap,PIN MS e IBGE. Mapeamento estadual de vegetação RADAM,Conforme fonte,mapa oficial dinâmico,visualização dinâmica,oficial na fonte,Consultar licença ou termos da instituição responsável,https://www.pinms.ms.gov.br/arcgis/rest/services/SGI/Vegetacao_RADAM_MS/MapServer,https://bdiaweb.ibge.gov.br/,,
uso_cobertura_solo,MapBiomas 10.1 — cobertura e uso da terra por município,paisagem,officialxlsx,"MapBiomas Brasil. Estatísticas municipais da Coleção 10.1, 1985–2024, atualizadas em 19 de fevereiro de 2026. O atlas resume classes selecionadas por município.",Sede municipal representativa com estatísticas territoriais,estatística oficial aberta,capturável sob demanda e importável manualmente,produto MapBiomas; síntese municipal derivada e reproduzível,Termos de uso MapBiomas e citação obrigatória da Coleção 10.1 e de seu DOI.,https://drive.usercontent.google.com/download?id=1p0dLrhvKymPhrSithsRBMRgHlFHq0FUf&export=download,https://brasil.mapbiomas.org/estatisticas/,https://drive.google.com/uc?export=download&id=1p0dLrhvKymPhrSithsRBMRgHlFHq0FUf,
mapa_mudancas_uso_solo,MapBiomas 10.1 — desmatamento e vegetação secundária,paisagem,officialxlsx,"MapBiomas Brasil. Estatísticas de desmatamento da Coleção 10.1, 1987–2024, atualização de 8 de maio de 2026. O nível territorial disponível na planilha é preservado nos atributos.",Sede municipal quando disponível ou ponto estadual representativo,estatística oficial aberta,capturável sob demanda e importável manualmente,produto MapBiomas; representação pontual derivada para consulta,Termos de uso MapBiomas e citação obrigatória da Coleção 10.1.,https://brasil.mapbiomas.org/wp-content/uploads/sites/4/2026/05/MAPBIOMAS_BRAZIL_COL.10.1_DEFORESTATION.xlsx,https://brasil.mapbiomas.org/estatisticas/,https://brasil.mapbiomas.org/wp-content/uploads/sites/4/2026/05/MAPBIOMAS_BRAZIL_COL.10.1_DEFORESTATION.xlsx,
mapa_macrozoneamento_zae,Macrozoneamento de solos e apoio ao ZAE,paisagem,arcgisMap,SEMADESC e PIN MS. Macrozoneamento de solos e água disponível como apoio territorial ao ZAE,Conforme fonte,mapa oficial dinâmico,visualização dinâmica,oficial na fonte,Consultar licença ou termos da instituição responsável,https://www.pinms.ms.gov.br/arcgis/rest/services/SEMADESC/SEMADESC_MAPAS/MapServer,https://www.semadesc.ms.gov.br/programas-e-projetos/zae-ms/,,
mapa_zoneamento_agroecologico_ms,Zoneamento Agroecológico de Mato Grosso do Sul,paisagem,external,"SEMADESC e Embrapa Solos. Zonas agroecológicas, aptidões e restrições territoriais",Conforme fonte,portal externo,consulta externa,documental,Consultar licença ou termos da instituição responsável,https://www.semadesc.ms.gov.br/programas-e-projetos/zae-ms/,https://www.semadesc.ms.gov.br/zoneamento-agroecologico-sul-mato-grossense-sera-apresentado-em-evento-de-capacitacao-tecnica-da-semadesc/,,
areas_exploratorias_influencia_cartografica,Áreas exploratórias de influência cartográfica,paisagem,embedded,Produto exploratório e revisável derivado das propostas metodológicas do projeto de pesquisa,Polygon,local,incorporada no pacote,exploratória,CC BY 4.0 para a compilação e os produtos autorais; manter atribuição e termos das fontes primárias,,,,
artesanato_producao_tradicional,Referências cartográficas preliminares — Artesanato e produção tradicional,paisagem,overpass,"Mapa da Cultura, BCR IPHAN e levantamentos comunitários Geometria capturada no OpenStreetMap e sujeita a validação institucional. Os resultados são pontos representativos do OpenStreetMap e não equivalem ao cadastro institucional.",Point representativo,cartografia colaborativa preliminar,captura preliminar sujeita a validação,exploratória,ODbL 1.0 para a geometria OSM; validar termos das fontes institucionais,https://mapas.cultura.gov.br/,,,
gastronomia_mercados_feiras,"Referências cartográficas preliminares — Feiras, mercados, casas de artesanato e gastronomia tradicional",paisagem,overpass,"Captura espacial OpenStreetMap. Validação por inventários municipais, Fundtur MS e Mapa da Cultura Os resultados são pontos representativos do OpenStreetMap e não equivalem ao cadastro institucional.",Point representativo,cartografia colaborativa preliminar,captura preliminar sujeita a validação,exploratória,ODbL 1.0 para a geometria OSM; validar termos das fontes institucionais,https://mapas.cultura.gov.br/,,,
unidades_saude,"Referências cartográficas preliminares — Hospitais, unidades de saúde e urgência",apoio,overpass,CNES e DATASUS Geometria capturada no OpenStreetMap e sujeita a validação institucional. Os resultados são pontos representativos do OpenStreetMap e não equivalem ao cadastro institucional.,Point representativo,cartografia colaborativa preliminar,captura preliminar sujeita a validação,exploratória,ODbL 1.0 para a geometria OSM; validar termos das fontes institucionais,https://datasus.saude.gov.br/cnes-estabelecimentos/,,,
bombeiros_seguranca,"Referências cartográficas preliminares — Bombeiros, polícia e pontos de segurança",apoio,overpass,"CBMMS, SEJUSP e Polícia Civil de Mato Grosso do Sul Geometria capturada no OpenStreetMap e sujeita a validação institucional. Os resultados são pontos representativos do OpenStreetMap e não equivalem ao cadastro institucional.",Point representativo,cartografia colaborativa preliminar,captura preliminar sujeita a validação,exploratória,ODbL 1.0 para a geometria OSM; validar termos das fontes institucionais,https://www.bombeiros.ms.gov.br/,,,
combustivel_oficinas_descanso,"Referências cartográficas preliminares — Combustível, oficinas e áreas de descanso",apoio,overpass,Levantamentos operacionais e bases municipais Geometria capturada no OpenStreetMap e sujeita a validação institucional. Os resultados são pontos representativos do OpenStreetMap e não equivalem ao cadastro institucional.,Point representativo,cartografia colaborativa preliminar,captura preliminar sujeita a validação,exploratória,ODbL 1.0 para a geometria OSM; validar termos das fontes institucionais,,,,
acessibilidade_servicos,"Referências cartográficas preliminares — Acessibilidade, banheiros, água e serviços ao visitante",apoio,overpass,"Cadastur, equipamentos públicos e verificação de campo Geometria capturada no OpenStreetMap e sujeita a validação institucional. Os resultados são pontos representativos do OpenStreetMap e não equivalem ao cadastro institucional.",Point representativo,cartografia colaborativa preliminar,captura preliminar sujeita a validação,exploratória,ODbL 1.0 para a geometria OSM; validar termos das fontes institucionais,,,,
cobertura_telefonia_movel,"Cobertura de telefonia móvel 2G, 3G, 4G e 5G",apoio,external,"Anatel Mosaico SMP. Importação dos SHP oficiais por tecnologia, operadora e intensidade prevista",Conforme fonte,portal externo,consulta externa,documental,Consultar licença ou termos da instituição responsável,https://dados.gov.br/dados/conjuntos-dados/cobertura_movel,https://sistemas.anatel.gov.br/se/public/cmap.php,,
indice_exploratorio_disponibilidade_territorial,Índice exploratório de disponibilidade territorial e documental,analise,embedded,Resultado estável v1.7.0 com fórmula e sensibilidade documentadas. Exclui rotas e produtos derivados para evitar circularidade,Point,local,incorporada no pacote,exploratória,CC BY 4.0 para a compilação e os produtos autorais; manter atribuição e termos das fontes primárias,,,,
trechos_itinerarios,Trechos esquemáticos derivados das propostas metodológicas,analise,embedded,Segmentação cartográfica revisável dos 31 desenhos metodológicos do projeto de pesquisa,LineString,local,incorporada no pacote,exploratória,CC BY 4.0 para a compilação e os produtos autorais; manter atribuição e termos das fontes primárias,,,,
pre_avaliacao_cartografica_itinerarios,Pré-avaliação cartográfica descritiva dos itinerários,analise,embedded,Produto exploratório e revisável derivado das propostas metodológicas do projeto de pesquisa,Point,local,incorporada no pacote,exploratória,CC BY 4.0 para a compilação e os produtos autorais; manter atribuição e termos das fontes primárias,,,,
mapa_zee_ms,Zoneamento Ecológico Econômico de Mato Grosso do Sul,analise,arcgisMap,IMASUL e PIN MS. ZEE MS disponível no serviço cartográfico estadual,Conforme fonte,mapa oficial dinâmico,visualização dinâmica,oficial na fonte,Consultar licença ou termos da instituição responsável,https://www.pinms.ms.gov.br/arcgis/rest/services/IMASUL/SiriemaGeo_Sisla/MapServer/38,https://www.semadesc.ms.gov.br/wp-content/uploads/2018/04/Consolida%C3%A7%C3%A3o-ZEE-2%C2%AA-Aproxima%C3%A7%C3%A3o.pdf,,
vulnerabilidade_territorial_censo_2022,Vulnerabilidade territorial e indicadores do Censo 2022,analise,external,"IBGE, Censo Demográfico 2022 e agregados territoriais",Conforme fonte,portal externo,consulta externa,documental,Consultar licença ou termos da instituição responsável,https://censo2022.ibge.gov.br/panorama/,,,
corredores_exploratorios_aprofundamento,Eixos exploratórios para aprofundamento,analise,embedded,Produto exploratório e revisável derivado das propostas metodológicas do projeto de pesquisa,LineString,local,incorporada no pacote,exploratória,CC BY 4.0 para a compilação e os produtos autorais; manter atribuição e termos das fontes primárias,,,,
riscos_sazonalidade,"Riscos, sazonalidade e restrições operacionais",analise,external,"Defesa Civil de Mato Grosso do Sul, CEMTEC, planos de manejo e validação de campo",Conforme fonte,portal externo,consulta externa,documental,Consultar licença ou termos da instituição responsável,https://www.defesacivil.ms.gov.br/unidade-administrativa/departamento-de-gestao-de-riscos-e-desastres/,https://www.defesacivil.ms.gov.br/programas-e-projetos/monitoracao/,,
acessibilidade_rodoviaria_estimada_rotas_base_externa,Acessibilidade rodoviária estimada das rotas com base externa,analise,derived,Cálculo científico sob demanda com OSRM e rede OpenStreetMap para 7 rotas com base institucional ou documental direta e 2 propostas híbridas.,LineString,derivada na sessão,calculável sob demanda,estimativa técnica não validada em campo,Geometria derivada de OpenStreetMap sob ODbL 1.0; atributos metodológicos autorais sob CC BY 4.0,,https://github.com/Project-OSRM/osrm-backend/blob/master/docs/http.md,,road-access
interacoes_rotas_unidades_conservacao,Interações exploratórias entre rotas e unidades de conservação,analise,derived,Cruzamento geométrico em sessão entre propostas metodológicas de rotas e polígonos CNUC carregados.,Point,derivada na sessão,calculável após captura do CNUC,exploratória; não substitui análise jurídica ou de manejo,CC BY 4.0 para atributos metodológicos; geometrias e atributos de origem mantêm os termos do CNUC,,PROTOCOLO_CNUC_CANIE.md,,route-uc
cavidades_proximas_rotas_estudo,Cavidades próximas às rotas em estudo,analise,derived,Cálculo em sessão da menor distância entre cavidades CANIE e os traçados esquemáticos das rotas. Limiar exploratório de 50 km.,Point,derivada na sessão,calculável após captura do CANIE,exploratória; proximidade não implica visitação ou integração cultural,CC BY 4.0 para atributos metodológicos; dados CANIE mantêm atribuição e limitações da fonte,,PROTOCOLO_CNUC_CANIE.md,,caves-routes
cavidades_em_unidades_conservacao,Cavidades registradas em unidades de conservação,analise,derived,Cruzamento pontual em sessão entre cavidades CANIE e polígonos CNUC carregados.,Point,derivada na sessão,calculável após captura de CNUC e CANIE,exploratória; depende da precisão e atualização das duas fontes,CC BY 4.0 para atributos metodológicos; fontes CNUC e CANIE conservam seus termos,,PROTOCOLO_CNUC_CANIE.md,,caves-uc
inventario_geocientifico_fase3,Inventário geocientífico consolidado da Fase 3,geodiversidade,embedded,Inventário conciliado com 124 unidades espaciais e 42 complexos,Point,compilação científica local,incorporada no pacote,"documental, com níveis de autoridade e evidência por registro",CC BY 4.0 para a compilação. Fontes primárias mantêm seus termos,,,,
ativacao_geocientifica_extensao,"Ativação geocientífica, educação e extensão documentadas",analise,embedded,UFMS e documentação científica da experiência de Rio Verde de Mato Grosso,Point,compilação documental local,incorporada no pacote,documental. O inventário estadual permanece aberto,CC BY 4.0 para a compilação. Fontes originais mantêm seus termos,,,,
potencial_geocientifico_territorial_250km2,Potencial geocientífico territorial documentado — 250 km²,analise,embedded,"Resultado estável da Fase 3.2. Fórmula única IPG100 = 100 × (0,40 Dn + 0,35 Qn + 0,25 Cn)",Polygon hexagonal nominal de 250 km²,produto analítico estável incorporado,incorporada no pacote e reproduzível,"potencial geocientífico documentado. Não avalia viabilidade, governança ou reconhecimento UNESCO","CC BY 4.0 para geometria, atributos e metodologia autorais. Fontes primárias mantêm seus termos",,PROTOCOLO_IPG_TERRITORIAL_FASE3_2.md,,
limite_operacional_ipg_fase3,Limite operacional de contingência da Fase 3.2,territorio,embedded,Envoltória local das 79 sedes municipais e registros usada somente para continuidade operacional offline,Polygon,contingência local,incorporada no pacote,não substitui limite administrativo oficial,CC BY 4.0 para a geometria derivada,,,,
polos_estruturantes_itinerarios_culturais_250km2,Estruturação cultural documentada para itinerários — 250 km²,analise,derived,PEIC cultural independente das rotas,Polygon hexagonal nominal de 250 km²; somente células com evidência são desenhadas,produto analítico derivado na sessão,"calculável com pelo menos três dimensões disponíveis, incluindo duas não sensíveis; classificação definitiva somente com 6/6",diagnóstico cultural territorial; rotas avaliadas separadamente,"CC BY 4.0 para geometria, atributos e metodologia autorais; fontes de entrada conservam seus termos.",,PROTOCOLO_POLOS_ITINERARIOS_CULTURAIS_250KM2.md,,cultural-itineraries-250
indice_cenario_sessao,Cenário temporário calculado com camadas carregadas,analise,derived,Cálculo opcional da sessão. Não altera o índice estável e não incorpora automaticamente as rotas em estudo,Point,derivada,calculável na sessão,exploratória,CC BY 4.0 para os produtos autorais do projeto,,,,
dados_usuario,Dados importados pelo usuário,analise,import,"Arquivo fornecido pelo usuário. O atlas não valida conteúdo, licença ou precisão",Mixed,dados do usuário,importável pelo usuário,não validada,Responsabilidade do usuário,,,,
articulacao_itinerarios_peic_rotas_250km2,Articulação territorial de itinerários — PEIC + convergência de rotas — 250 km²,analise,derived,Camada combinada IATI. Integra 70% da estrutura cultural documentada e 30% da convergência cartográfica das 32 rotas propostas.,Polígonos hexagonais nominais de 250 km² com ao menos uma rota direta ou suporte cultural próximo de múltiplas rotas.,produto analítico derivado na sessão com base de rotas pré-calculada,calculável sem aguardar serviços externos; atualiza-se com as dimensões culturais já carregadas,"priorização exploratória para investigação e validação territorial. Não constitui rota oficial, investimento ou aprovação PRICI","CC BY 4.0 para geometria, atributos e metodologia autorais. Fontes primárias mantêm seus termos",,PROTOCOLO_ARTICULACAO_ITINERARIOS_PEIC_ROTAS_250KM2.md,,cultural-route-articulation-250
