id,name,mode,source,license_declarada,conteudo_local_no_pacote,modo_de_distribuicao,verificacao_juridica,observacao
municipios_sedes,Sedes municipais e população estimada 2025,embedded,IBGE e compilação municipal do projeto,CC BY 4.0 para a compilação e os produtos autorais; manter atribuição e termos das fontes primárias,sim,cópia local ou produto derivado incluído no pacote,não verificada juridicamente neste release,A licença declarada e a proveniência devem ser conferidas na fonte primária antes de redistribuição externa.
hexagonos_territoriais_250km2_v1_8_0,Malha territorial mestra de MS — 250 km² ajustada ao limite estadual,derived,IBGE — Malha Municipal Digital 2025 de Mato Grosso do Sul. O aplicativo compõe os polígonos municipais oficiais para formar o limite estadual e usa a API de Malhas Geográficas v4 apenas como contingência.,não declarada na configuração,não,produto derivado pelo código do projeto,não verificada juridicamente neste release,A licença declarada e a proveniência devem ser conferidas na fonte primária antes de redistribuição externa.
limite_estadual_ibge_2025,Limite estadual oficial de Mato Grosso do Sul — IBGE,derived,"IBGE — Malha Municipal Digital 2025, Mato Grosso do Sul. Limite estadual derivado do conjunto oficial MS_Municipios_2025. API de Malhas Geográficas v4 usada apenas como contingência.",não declarada na configuração,não,produto derivado pelo código do projeto,não verificada juridicamente neste release,A licença declarada e a proveniência devem ser conferidas na fonte primária antes de redistribuição externa.
malha_itinerarios_250km2,Malha territorial validada de MS — 250 km² · 1554 células · corte 10/08/2026,embedded,JOAJU MS · malha analítica de 250 km² materializada em 10/08/2026 e recortada geometricamente no limite oficial de Mato Grosso do Sul. Fonte do limite: IBGE — Malha Municipal Digital 2025.,não declarada na configuração,sim,cópia local ou produto derivado incluído no pacote,não verificada juridicamente neste release,A licença declarada e a proveniência devem ser conferidas na fonte primária antes de redistribuição externa.
municipios_limites,Limites municipais,arcgis,PIN MS e IMASUL,Consultar licença ou termos da instituição responsável,sim,cópia local ou produto derivado incluído no pacote,não verificada juridicamente neste release,A licença declarada e a proveniência devem ser conferidas na fonte primária antes de redistribuição externa.
localidades_aglomerados,Sedes e aglomerados rurais e urbanos,arcgis,PIN MS e AGRAER,Consultar licença ou termos da instituição responsável,sim,cópia local ou produto derivado incluído no pacote,não verificada juridicamente neste release,A licença declarada e a proveniência devem ser conferidas na fonte primária antes de redistribuição externa.
localidades_populacoes,Localidades e populações consolidadas,embedded,IBGE e núcleo local consolidado e incorporado na v1.8.0-dev,CC BY 4.0 para a compilação e os produtos autorais; manter atribuição e termos das fontes primárias,sim,cópia local ou produto derivado incluído no pacote,não verificada juridicamente neste release,A licença declarada e a proveniência devem ser conferidas na fonte primária antes de redistribuição externa.
localidades_ibge_completas,Localidades completas do IBGE,ibgezip,IBGE Localidades do Brasil 2022,Consultar licença ou termos da instituição responsável,sim,cópia local ou produto derivado incluído no pacote,não verificada juridicamente neste release,A licença declarada e a proveniência devem ser conferidas na fonte primária antes de redistribuição externa.
assentamentos_rurais_incra,Assentamentos rurais da reforma agrária,arcgis,"INCRA, projetos de assentamento publicados no PAMGIA IBAMA",Consultar licença ou termos da instituição responsável,sim,cópia local ou produto derivado incluído no pacote,não verificada juridicamente neste release,A licença declarada e a proveniência devem ser conferidas na fonte primária antes de redistribuição externa.
localidades_indigenas_ibge,Aldeias e localidades indígenas,embedded,"IBGE Censo Demográfico 2022, atualização de 19 de setembro de 2025",CC BY 4.0 para a compilação e os produtos autorais; manter atribuição e termos das fontes primárias,sim,cópia local ou produto derivado incluído no pacote,não verificada juridicamente neste release,A licença declarada e a proveniência devem ser conferidas na fonte primária antes de redistribuição externa.
localidades_quilombolas_ibge,Comunidades e localidades quilombolas,embedded,"IBGE Censo Demográfico 2022, arquivo de 10 de julho de 2024",CC BY 4.0 para a compilação e os produtos autorais; manter atribuição e termos das fontes primárias,sim,cópia local ou produto derivado incluído no pacote,não verificada juridicamente neste release,A licença declarada e a proveniência devem ser conferidas na fonte primária antes de redistribuição externa.
terras_indigenas_poligonos,Terras indígenas e fases administrativas,arcgis,FUNAI. Polígonos oficiais e fases administrativas. Serviço sincronizado pelo PAMGIA IBAMA,Consultar licença ou termos da instituição responsável,sim,cópia local ou produto derivado incluído no pacote,não verificada juridicamente neste release,A licença declarada e a proveniência devem ser conferidas na fonte primária antes de redistribuição externa.
municipios_pontos_fronteira_alfandegados,Municípios com pontos alfandegados de fronteira,embedded,Receita Federal do Brasil e sedes municipais IBGE. Os pontos representam municípios e não a localização exata dos postos,CC BY 4.0 para a compilação e os produtos autorais; manter atribuição e termos das fontes primárias,sim,cópia local ou produto derivado incluído no pacote,não verificada juridicamente neste release,A licença declarada e a proveniência devem ser conferidas na fonte primária antes de redistribuição externa.
retirada_laguna_nodos_municipais,Nós municipais da Retirada da Laguna,embedded,Decreto Estadual nº 12.897 de 2009 e sedes municipais IBGE. Não constitui uma linha oficial de rota,CC BY 4.0 para a compilação e os produtos autorais; manter atribuição e termos das fontes primárias,sim,cópia local ou produto derivado incluído no pacote,não verificada juridicamente neste release,A licença declarada e a proveniência devem ser conferidas na fonte primária antes de redistribuição externa.
territorios_quilombolas_poligonos,Territórios quilombolas delimitados e titulados,arcgis,"INCRA, camada sincronizada pelo PAMGIA IBAMA",Consultar licença ou termos da instituição responsável,sim,cópia local ou produto derivado incluído no pacote,não verificada juridicamente neste release,A licença declarada e a proveniência devem ser conferidas na fonte primária antes de redistribuição externa.
rodovias_estaduais,Rodovias estaduais,arcgis,"PIN MS, AGRAER e AGESUL",Consultar licença ou termos da instituição responsável,sim,cópia local ou produto derivado incluído no pacote,não verificada juridicamente neste release,A licença declarada e a proveniência devem ser conferidas na fonte primária antes de redistribuição externa.
rodovias_federais,Rodovias federais,arcgis,PIN MS e DNIT,Consultar licença ou termos da instituição responsável,sim,cópia local ou produto derivado incluído no pacote,não verificada juridicamente neste release,A licença declarada e a proveniência devem ser conferidas na fonte primária antes de redistribuição externa.
estradas_vicinais,Estradas vicinais,arcgis,PIN MS e AGRAER,Consultar licença ou termos da instituição responsável,sim,cópia local ou produto derivado incluído no pacote,não verificada juridicamente neste release,A licença declarada e a proveniência devem ser conferidas na fonte primária antes de redistribuição externa.
rede_hidrica,Rede hídrica,arcgis,"PIN MS, AGRAER e ANA",Consultar licença ou termos da instituição responsável,não,"visualização, captura ou download a partir de fonte remota",não verificada juridicamente neste release,A licença declarada e a proveniência devem ser conferidas na fonte primária antes de redistribuição externa.
bcr_bens_culturais_ms,Bens culturais relacionados com Mato Grosso do Sul,embedded,Banco de Referências Culturais do IPHAN,CC BY 4.0 para a compilação e os produtos autorais; manter atribuição e termos das fontes primárias,sim,cópia local ou produto derivado incluído no pacote,não verificada juridicamente neste release,A licença declarada e a proveniência devem ser conferidas na fonte primária antes de redistribuição externa.
sitios_arqueologicos_pontos,Sítios arqueológicos,arcgis,IPHAN sincronizado pelo PAMGIA IBAMA,Consultar licença ou termos da instituição responsável,sim,cópia local ou produto derivado incluído no pacote,não verificada juridicamente neste release,A licença declarada e a proveniência devem ser conferidas na fonte primária antes de redistribuição externa.
sitios_arqueologicos_poligonos,Delimitações arqueológicas,arcgis,IPHAN sincronizado pelo PAMGIA IBAMA,Consultar licença ou termos da instituição responsável,sim,cópia local ou produto derivado incluído no pacote,não verificada juridicamente neste release,A licença declarada e a proveniência devem ser conferidas na fonte primária antes de redistribuição externa.
escolas,Escolas · Censo Escolar INEP 2025,external,INEP Censo Escolar 2025,Consultar licença ou termos da instituição responsável,sim,cópia local ou produto derivado incluído no pacote,não verificada juridicamente neste release,A licença declarada e a proveniência devem ser conferidas na fonte primária antes de redistribuição externa.
campus_ensino_superior,"Referências cartográficas preliminares — Campus universitários, faculdades e institutos federais",overpass,"Captura espacial OpenStreetMap. Validação institucional por e-MEC, UFMS, UEMS, UFGD e IFMS Os resultados são pontos representativos do OpenStreetMap e não equivalem ao cadastro institucional.",ODbL 1.0 para a geometria OSM; validar termos das fontes institucionais,sim,cópia local ou produto derivado incluído no pacote,não verificada juridicamente neste release,A licença declarada e a proveniência devem ser conferidas na fonte primária antes de redistribuição externa.
geodiversidade_candidatos,Lugares candidatos do levantamento do projeto,embedded,Levantamento do projeto,CC BY 4.0 para a compilação e os produtos autorais; manter atribuição e termos das fontes primárias,sim,cópia local ou produto derivado incluído no pacote,não verificada juridicamente neste release,A licença declarada e a proveniência devem ser conferidas na fonte primária antes de redistribuição externa.
geossit_registros_ms,Registros GEOSSIT de Mato Grosso do Sul,embedded,Serviço Geológico do Brasil. Registros com status Em análise na data de corte,CC BY 4.0 para a compilação e os produtos autorais; manter atribuição e termos das fontes primárias,sim,cópia local ou produto derivado incluído no pacote,não verificada juridicamente neste release,A licença declarada e a proveniência devem ser conferidas na fonte primária antes de redistribuição externa.
geossitios_decreto_12897_2009,54 geossítios do Decreto Estadual 12.897 de 2009,embedded,"Governo de Mato Grosso do Sul. Anexo I do Decreto Estadual nº 12.897/2009. 54 registros documentais, 40 pontos georreferenciados e 14 geometrias pendentes",CC BY 4.0 para a compilação e os produtos autorais; manter atribuição e termos das fontes primárias,sim,cópia local ou produto derivado incluído no pacote,não verificada juridicamente neste release,A licença declarada e a proveniência devem ser conferidas na fonte primária antes de redistribuição externa.
mapa_geologico_ms,Mapa geológico de Mato Grosso do Sul 1:1.000.000,arcgis,"Serviço Geológico do Brasil, unidades litoestratigráficas do mapeamento estadual 1:1.000.000 [2006]",Consultar licença ou termos da instituição responsável,sim,cópia local ou produto derivado incluído no pacote,não verificada juridicamente neste release,A licença declarada e a proveniência devem ser conferidas na fonte primária antes de redistribuição externa.
mapa_hidrogeologico_ms,Mapa hidrogeológico de Mato Grosso do Sul,arcgis,"Serviço Geológico do Brasil. Recorte vetorial do Atlas Hidrogeológico e referência ao mapa estadual 2024, escala 1:1.000.000",Consultar licença ou termos da instituição responsável,sim,cópia local ou produto derivado incluído no pacote,não verificada juridicamente neste release,A licença declarada e a proveniência devem ser conferidas na fonte primária antes de redistribuição externa.
sistema_aquifero_guarani_ana,Sistema Aquífero Guarani — ANA/SNIRH,arcgis,ANA e CPRM. Sistemas aquíferos do Brasil — feições do Sistema Aquífero Guarani filtradas no serviço oficial SNIRH,Consultar termos de uso da ANA/SNIRH,sim,cópia local ou produto derivado incluído no pacote,não verificada juridicamente neste release,A licença declarada e a proveniência devem ser conferidas na fonte primária antes de redistribuição externa.
mapa_geomorfologico_ibge,Geomorfologia 1:250.000 — IBGE BDiA,external,IBGE BDiA. Base vetorial oficial de Geomorfologia 1:250.000. Referência/download; o recorte de Mato Grosso do Sul ainda não está incorporado como camada local.,Consultar termos do IBGE,não,referência ou importação externa,não verificada juridicamente neste release,A licença declarada e a proveniência devem ser conferidas na fonte primária antes de redistribuição externa.
mapa_altimetria_ms,Mapa de altimetria e hipsometria,arcgisMap,SEMADESC e PIN MS. Altimetria de Mato Grosso do Sul,Consultar licença ou termos da instituição responsável,não,"visualização, captura ou download a partir de fonte remota",não verificada juridicamente neste release,A licença declarada e a proveniência devem ser conferidas na fonte primária antes de redistribuição externa.
mapa_declividade_topodata,TOPODATA — variáveis geomorfométricas e formas do terreno,external,INPE TOPODATA. Referência oficial para declividade e variáveis geomorfométricas derivadas do SRTM.,Consultar termos do INPE,não,referência ou importação externa,não verificada juridicamente neste release,A licença declarada e a proveniência devem ser conferidas na fonte primária antes de redistribuição externa.
mapa_declividade_ms_nasadem,Declividade do terreno — NASADEM/PIN MS,external,IMASUL/PIN MS. Raster oficial de declividade NASADEM para Mato Grosso do Sul,Consultar termos do PIN MS/IMASUL,sim,cópia local ou produto derivado incluído no pacote,não verificada juridicamente neste release,A licença declarada e a proveniência devem ser conferidas na fonte primária antes de redistribuição externa.
mapa_recursos_minerais_ms,Recursos minerais e ocorrências geológicas,arcgisMap,Serviço Geológico do Brasil. Ocorrências minerais do GeoSGB,Consultar licença ou termos da instituição responsável,sim,cópia local ou produto derivado incluído no pacote,não verificada juridicamente neste release,A licença declarada e a proveniência devem ser conferidas na fonte primária antes de redistribuição externa.
lugares_interesse_geologico_propostos,Lugares de interesse geológico propostos ou indicados,embedded,Proposta histórica SGB CPRM e levantamento do projeto,CC BY 4.0 para a compilação e os produtos autorais; manter atribuição e termos das fontes primárias,sim,cópia local ou produto derivado incluído no pacote,não verificada juridicamente neste release,A licença declarada e a proveniência devem ser conferidas na fonte primária antes de redistribuição externa.
geossitios_compilados_niveis_precisao,Geossítios compilados com níveis de precisão,embedded,"Decreto Estadual nº 12.897/2009, GEOSSIT, SIGEP e fontes técnicas declaradas",CC BY 4.0 para a compilação e os produtos autorais; manter atribuição e termos das fontes primárias,sim,cópia local ou produto derivado incluído no pacote,não verificada juridicamente neste release,A licença declarada e a proveniência devem ser conferidas na fonte primária antes de redistribuição externa.
festividades_inventario_2026,"Festividades — snapshot legado PEIC (15 registros, 06/08/2026)",embedded,Inventário documental com data de corte em 6 de agosto de 2026,CC BY 4.0 para a compilação e os produtos autorais; manter atribuição e termos das fontes primárias,sim,cópia local ou produto derivado incluído no pacote,não verificada juridicamente neste release,A licença declarada e a proveniência devem ser conferidas na fonte primária antes de redistribuição externa.
festas_recorrentes_inventario_2026,"Festas, festivais e celebrações recorrentes — 108 registros",embedded,Levantamento sistemático Atlas MS em fontes oficiais das 79 prefeituras e fontes institucionais complementares. Data de corte: 8 de agosto de 2026.,CC BY 4.0 para a compilação e os produtos autorais; manter atribuição e termos das fontes primárias,sim,cópia local ou produto derivado incluído no pacote,não verificada juridicamente neste release,A licença declarada e a proveniência devem ser conferidas na fonte primária antes de redistribuição externa.
rotas_culturais_propostas,Propostas metodológicas de rotas e itinerários culturais — marco PRICI,embedded,"Projeto de pesquisa científica. Fontes específicas por registro. A seleção e a geometria comparativa são autorais, revisáveis e não aprovadas pelo PRICI","CC BY 4.0 para a composição, atributos e geometria autorais; bases documentais mantêm seus termos originais",sim,cópia local ou produto derivado incluído no pacote,não verificada juridicamente neste release,A licença declarada e a proveniência devem ser conferidas na fonte primária antes de redistribuição externa.
pontos_interesse_itinerarios,Pontos de interesse para itinerários,embedded,"Integração local de patrimônio, geodiversidade, festividades, fronteira e memória histórica",CC BY 4.0 para a compilação e os produtos autorais; manter atribuição e termos das fontes primárias,sim,cópia local ou produto derivado incluído no pacote,não verificada juridicamente neste release,A licença declarada e a proveniência devem ser conferidas na fonte primária antes de redistribuição externa.
patrimonio_material_tombado,Bens materiais tombados pelo IPHAN — snapshot oficial de maio de 2026,embedded,IPHAN. Planilha oficial 2026_05_IPHAN_T.xlsx. Registros ativos de Mato Grosso do Sul posicionados na sede municipal quando a fonte não oferece coordenada,Conteúdo institucional conforme termos do portal gov.br; compilação espacial e metadados autorais sob CC BY 4.0,sim,cópia local ou produto derivado incluído no pacote,não verificada juridicamente neste release,A licença declarada e a proveniência devem ser conferidas na fonte primária antes de redistribuição externa.
patrimonio_estadual_estacoes_ferroviarias,Referências cartográficas preliminares — Patrimônio estadual e estações ferroviárias inventariadas,overpass,"Fundação de Cultura de Mato Grosso do Sul, guias e inventários patrimoniais Geometria capturada no OpenStreetMap e sujeita a validação institucional. Os resultados são pontos representativos do OpenStreetMap e não equivalem ao cadastro institucional.",ODbL 1.0 para a geometria OSM; validar termos das fontes institucionais,sim,cópia local ou produto derivado incluído no pacote,não verificada juridicamente neste release,A licença declarada e a proveniência devem ser conferidas na fonte primária antes de redistribuição externa.
museus_pontos_memoria,Museus e pontos de memória — MuseusBr/IBRAM,tainacan,"IBRAM. Cadastro Nacional de Museus na Plataforma MuseusBr, coleção pública Tainacan. O atlas retém somente campos institucionais necessários e não reproduz contatos pessoais.",Dados abertos MuseusBr; preservar atribuição ao IBRAM e o status de verificação de cada registro.,sim,cópia local ou produto derivado incluído no pacote,não verificada juridicamente neste release,A licença declarada e a proveniência devem ser conferidas na fonte primária antes de redistribuição externa.
bibliotecas_arquivos,"Referências cartográficas preliminares — Bibliotecas públicas, comunitárias e arquivos",overpass,Captura espacial OpenStreetMap. Validação pelo SNBP e Sistema Estadual de Bibliotecas de MS Os resultados são pontos representativos do OpenStreetMap e não equivalem ao cadastro institucional.,ODbL 1.0 para a geometria OSM; validar termos das fontes institucionais,sim,cópia local ou produto derivado incluído no pacote,não verificada juridicamente neste release,A licença declarada e a proveniência devem ser conferidas na fonte primária antes de redistribuição externa.
espacos_culturais,"Referências cartográficas preliminares — Centros culturais, teatros e outros espaços culturais",overpass,Mapa da Cultura e Mapa Cultural de Mato Grosso do Sul Geometria capturada no OpenStreetMap e sujeita a validação institucional. Os resultados são pontos representativos do OpenStreetMap e não equivalem ao cadastro institucional.,ODbL 1.0 para a geometria OSM; validar termos das fontes institucionais,sim,cópia local ou produto derivado incluído no pacote,não verificada juridicamente neste release,A licença declarada e a proveniência devem ser conferidas na fonte primária antes de redistribuição externa.
unidades_conservacao,Unidades de conservação — CNUC,wfs,"CNUC/MMA. Captura oficial por WFS do ICMBio/INDE, com recorte espacial de Mato Grosso do Sul e espelho PAMGIA como contingência.","Creative Commons Atribuição no recurso CNUC. Preservar atribuição, metadados e termos da fonte.",sim,cópia local ou produto derivado incluído no pacote,não verificada juridicamente neste release,A licença declarada e a proveniência devem ser conferidas na fonte primária antes de redistribuição externa.
parque_nacional_serra_bodoquena,Parque Nacional da Serra da Bodoquena,arcgis,"CNUC, MMA, ICMBio e PAMGIA IBAMA. Recorte filtrado da unidade federal",Consultar licença ou termos da instituição responsável,sim,cópia local ou produto derivado incluído no pacote,não verificada juridicamente neste release,A licença declarada e a proveniência devem ser conferidas na fonte primária antes de redistribuição externa.
mapa_bacias_uepgrh,"Bacias, sub-bacias e unidades de planejamento hídrico",arcgisMap,SEMADESC e PIN MS. Sub-bacias do Paraguai e Paraná e UEPGRH,Consultar licença ou termos da instituição responsável,não,"visualização, captura ou download a partir de fonte remota",não verificada juridicamente neste release,A licença declarada e a proveniência devem ser conferidas na fonte primária antes de redistribuição externa.
mapa_disponibilidade_hidrica,Disponibilidade hídrica superficial e água disponível no solo,arcgisMap,SEMADESC e PIN MS. Disponibilidade hídrica superficial e água disponível no solo,Consultar licença ou termos da instituição responsável,não,"visualização, captura ou download a partir de fonte remota",não verificada juridicamente neste release,A licença declarada e a proveniência devem ser conferidas na fonte primária antes de redistribuição externa.
mapa_qualidade_agua_ana,Qualidade da água e estações de monitoramento,external,"ANA/SNIRH — Estações de Qualidade de Água, serviço oficial de dados abertos",Consultar licença ou termos da instituição responsável,sim,cópia local ou produto derivado incluído no pacote,não verificada juridicamente neste release,A licença declarada e a proveniência devem ser conferidas na fonte primária antes de redistribuição externa.
mapa_focos_calor_risco,"Focos de calor, áreas queimadas e risco de fogo",arcgisMap,IBAMA PAMGIA e INPE Programa Queimadas. Focos atualizados e acesso a risco e áreas queimadas,Consultar licença ou termos da instituição responsável,sim,cópia local ou produto derivado incluído no pacote,não verificada juridicamente neste release,A licença declarada e a proveniência devem ser conferidas na fonte primária antes de redistribuição externa.
mapa_climatico_ms,"Mapa climático, precipitação e temperatura",external,"CEMTEC MS e INMET. Estações, séries meteorológicas e produtos climáticos",Consultar licença ou termos da instituição responsável,não,referência ou importação externa,não verificada juridicamente neste release,A licença declarada e a proveniência devem ser conferidas na fonte primária antes de redistribuição externa.
cavernas_canie,Cavidades naturais subterrâneas — CANIE/CECAV,wfs,"CANIE/CECAV/ICMBio. Captura oficial por WFS do ICMBio/INDE, com recorte de Mato Grosso do Sul e espelho Infra S.A. como contingência.","Reutilização permitida com citação da fonte CANIE, conforme instruções do CECAV. Preservar limitações e metadados.",sim,cópia local ou produto derivado incluído no pacote,não verificada juridicamente neste release,A licença declarada e a proveniência devem ser conferidas na fonte primária antes de redistribuição externa.
barragens_snisb,Barragens cadastradas no SNISB — consulta oficial,external,ANA/SNISB — cadastro oficial de barragens,ODbL 1.0 para a geometria OSM; validar termos das fontes institucionais,sim,cópia local ou produto derivado incluído no pacote,não verificada juridicamente neste release,A licença declarada e a proveniência devem ser conferidas na fonte primária antes de redistribuição externa.
centros_visitantes_trilhas,"Referências cartográficas preliminares — Centros de visitantes, trilhas e acessos autorizados",overpass,"ICMBio, IMASUL e planos de manejo Geometria capturada no OpenStreetMap e sujeita a validação institucional. Os resultados são pontos representativos do OpenStreetMap e não equivalem ao cadastro institucional.",ODbL 1.0 para a geometria OSM; validar termos das fontes institucionais,sim,cópia local ou produto derivado incluído no pacote,não verificada juridicamente neste release,A licença declarada e a proveniência devem ser conferidas na fonte primária antes de redistribuição externa.
pantanal_monitoramento_fogo,Monitoramento de focos de calor no Pantanal,arcgisMap,IBAMA. Serviço histórico de focos no Pantanal e referência ao Pantanal em Alerta,Consultar licença ou termos da instituição responsável,sim,cópia local ou produto derivado incluído no pacote,não verificada juridicamente neste release,A licença declarada e a proveniência devem ser conferidas na fonte primária antes de redistribuição externa.
pib_municipal_2021,PIB municipal — último período disponível no IBGE,ibgeChoropleth,"IBGE, Produto Interno Bruto dos Municípios. API SIDRA pública.",Consultar termos do IBGE,sim,cópia local ou produto derivado incluído no pacote,não verificada juridicamente neste release,A licença declarada e a proveniência devem ser conferidas na fonte primária antes de redistribuição externa.
pib_per_capita_2021,PIB per capita — último período disponível no IBGE,ibgeChoropleth,"IBGE, Produto Interno Bruto dos Municípios. API SIDRA pública.",Consultar termos do IBGE,não,"visualização, captura ou download a partir de fonte remota",não verificada juridicamente neste release,A licença declarada e a proveniência devem ser conferidas na fonte primária antes de redistribuição externa.
estabelecimentos_agropecuarios,Agropecuária — estabelecimentos com área,external,SEMADESC/PIN MS. Número municipal de estabelecimentos agropecuários com área. O serviço geográfico do PIN MS exige autenticação no acesso atual; o Atlas mantém o vínculo sem simular uma captura.,Consultar termos do PIN MS/SEMADESC,não,referência ou importação externa,não verificada juridicamente neste release,A licença declarada e a proveniência devem ser conferidas na fonte primária antes de redistribuição externa.
area_colhida_municipal,Agropecuária — área colhida,external,"SEMADESC/PIN MS. Área colhida municipal, em hectares. O serviço geográfico do PIN MS exige autenticação no acesso atual; o Atlas mantém o vínculo sem simular uma captura.",Consultar termos do PIN MS/SEMADESC,não,referência ou importação externa,não verificada juridicamente neste release,A licença declarada e a proveniência devem ser conferidas na fonte primária antes de redistribuição externa.
rebanho_bovino_municipal,Pecuária — bovinos,external,"SEMADESC/PIN MS. Rebanho bovino por município, cabeças. O serviço geográfico do PIN MS exige autenticação no acesso atual; o Atlas mantém o vínculo sem simular uma captura.",Consultar termos do PIN MS/SEMADESC,não,referência ou importação externa,não verificada juridicamente neste release,A licença declarada e a proveniência devem ser conferidas na fonte primária antes de redistribuição externa.
rebanho_aves_municipal,Pecuária — aves,external,"SEMADESC/PIN MS. Plantel de aves por município, cabeças. O serviço geográfico do PIN MS exige autenticação no acesso atual; o Atlas mantém o vínculo sem simular uma captura.",Consultar termos do PIN MS/SEMADESC,não,referência ou importação externa,não verificada juridicamente neste release,A licença declarada e a proveniência devem ser conferidas na fonte primária antes de redistribuição externa.
rebanho_suideos_municipal,Pecuária — suídeos,external,"SEMADESC/PIN MS. Rebanho suídeo por município, cabeças. O serviço geográfico do PIN MS exige autenticação no acesso atual; o Atlas mantém o vínculo sem simular uma captura.",Consultar termos do PIN MS/SEMADESC,não,referência ou importação externa,não verificada juridicamente neste release,A licença declarada e a proveniência devem ser conferidas na fonte primária antes de redistribuição externa.
siga_ms_safras_2023_2024,Uso produtivo do solo — SIGA MS Safras 2023–2024,external,"SEMADESC/PIN MS. SIGA MS Safras 2023–2024: soja, milho, cana, algodão, eucalipto, pastagens e outros usos produtivos. O serviço geográfico do PIN MS exige autenticação no acesso atual; o Atlas mantém o vínculo sem simular uma captura.",Consultar termos do PIN MS/SEMADESC,sim,cópia local ou produto derivado incluído no pacote,não verificada juridicamente neste release,A licença declarada e a proveniência devem ser conferidas na fonte primária antes de redistribuição externa.
usinas_sucroalcooleiras_ms,Agroindústria — usinas sucroalcooleiras,external,SEMADESC/PIN MS. Usinas sucroalcooleiras. O serviço geográfico do PIN MS exige autenticação no acesso atual; o Atlas mantém o vínculo sem simular uma captura.,Consultar termos do PIN MS/SEMADESC,não,referência ou importação externa,não verificada juridicamente neste release,A licença declarada e a proveniência devem ser conferidas na fonte primária antes de redistribuição externa.
frigorificos_ms,Agroindústria — frigoríficos,external,SEMADESC/PIN MS. Frigoríficos de Mato Grosso do Sul. O serviço geográfico do PIN MS exige autenticação no acesso atual; o Atlas mantém o vínculo sem simular uma captura.,Consultar termos do PIN MS/SEMADESC,não,referência ou importação externa,não verificada juridicamente neste release,A licença declarada e a proveniência devem ser conferidas na fonte primária antes de redistribuição externa.
papel_celulose_ms,Indústria — papel e celulose,external,SEMADESC/PIN MS. Empreendimentos de papel e celulose. O serviço geográfico do PIN MS exige autenticação no acesso atual; o Atlas mantém o vínculo sem simular uma captura.,Consultar termos do PIN MS/SEMADESC,não,referência ou importação externa,não verificada juridicamente neste release,A licença declarada e a proveniência devem ser conferidas na fonte primária antes de redistribuição externa.
mineradoras_economia_ms,Economia mineral — mineradoras,external,SEMADESC/PIN MS. Mineradoras e substâncias minerais cadastradas na base estadual. O serviço geográfico do PIN MS exige autenticação no acesso atual; o Atlas mantém o vínculo sem simular uma captura.,Consultar termos do PIN MS/SEMADESC,não,referência ou importação externa,não verificada juridicamente neste release,A licença declarada e a proveniência devem ser conferidas na fonte primária antes de redistribuição externa.
esmagadoras_soja_ms,Agroindústria — esmagadoras de soja,external,SEMADESC/PIN MS. Unidades de esmagamento de soja. O serviço geográfico do PIN MS exige autenticação no acesso atual; o Atlas mantém o vínculo sem simular uma captura.,Consultar termos do PIN MS/SEMADESC,não,referência ou importação externa,não verificada juridicamente neste release,A licença declarada e a proveniência devem ser conferidas na fonte primária antes de redistribuição externa.
biocombustiveis_ms,Indústria — biocombustíveis,external,SEMADESC/PIN MS. Empreendimentos de biocombustíveis. O serviço geográfico do PIN MS exige autenticação no acesso atual; o Atlas mantém o vínculo sem simular uma captura.,Consultar termos do PIN MS/SEMADESC,não,referência ou importação externa,não verificada juridicamente neste release,A licença declarada e a proveniência devem ser conferidas na fonte primária antes de redistribuição externa.
industria_quimica_ms,Indústria — química,external,SEMADESC/PIN MS. Empreendimentos da indústria química. O serviço geográfico do PIN MS exige autenticação no acesso atual; o Atlas mantém o vínculo sem simular uma captura.,Consultar termos do PIN MS/SEMADESC,não,referência ou importação externa,não verificada juridicamente neste release,A licença declarada e a proveniência devem ser conferidas na fonte primária antes de redistribuição externa.
alimentos_bebidas_fecularias_ms,"Indústria — alimentos, bebidas e fecularias",external,"SEMADESC/PIN MS. Empreendimentos de alimentos, bebidas e fecularias. O serviço geográfico do PIN MS exige autenticação no acesso atual; o Atlas mantém o vínculo sem simular uma captura.",Consultar termos do PIN MS/SEMADESC,não,referência ou importação externa,não verificada juridicamente neste release,A licença declarada e a proveniência devem ser conferidas na fonte primária antes de redistribuição externa.
empreendimentos_florestais_ms,Silvicultura e indústria florestal — empreendimentos,external,"SEMADESC/PIN MS. Empreendimentos florestais, com município, situação e produção. O serviço geográfico do PIN MS exige autenticação no acesso atual; o Atlas mantém o vínculo sem simular uma captura.",Consultar termos do PIN MS/SEMADESC,não,referência ou importação externa,não verificada juridicamente neste release,A licença declarada e a proveniência devem ser conferidas na fonte primária antes de redistribuição externa.
comexstat_municipios,Comércio exterior municipal — Comex Stat/MDIC,external,"MDIC/SECEX. Exportações e importações por município. A referência municipal corresponde ao domicílio fiscal da empresa, não ao local físico de produção.",Consultar termos do MDIC/SECEX,não,referência ou importação externa,não verificada juridicamente neste release,A licença declarada e a proveniência devem ser conferidas na fonte primária antes de redistribuição externa.
rais_novo_caged,Emprego formal — RAIS e Novo Caged,external,"Ministério do Trabalho e Emprego/PDET. Estoque e dinâmica do emprego formal, com consultas e microdados por município.",Consultar termos do Ministério do Trabalho e Emprego,não,referência ou importação externa,não verificada juridicamente neste release,A licença declarada e a proveniência devem ser conferidas na fonte primária antes de redistribuição externa.
cfem_municipios,Economia mineral — CFEM por município,external,Agência Nacional de Mineração. Arrecadação e distribuição da CFEM por município; painel com série histórica.,Consultar termos da ANM,sim,cópia local ou produto derivado incluído no pacote,não verificada juridicamente neste release,A licença declarada e a proveniência devem ser conferidas na fonte primária antes de redistribuição externa.
pncp_contratacoes_investimento,Contratações e investimento público — PNCP,external,"Portal Nacional de Contratações Públicas. Contratações, contratos, atas e planos anuais; API aberta sem login para consulta pública.",Consultar termos do PNCP,não,referência ou importação externa,não verificada juridicamente neste release,A licença declarada e a proveniência devem ser conferidas na fonte primária antes de redistribuição externa.
sidra_pam_ppm_pevs,"IBGE SIDRA — PAM, PPM e PEVS",external,"IBGE SIDRA. Fonte de atualização para Produção Agrícola Municipal, Pesquisa da Pecuária Municipal e Produção da Extração Vegetal e da Silvicultura.",Consultar termos do IBGE,não,referência ou importação externa,não verificada juridicamente neste release,A licença declarada e a proveniência devem ser conferidas na fonte primária antes de redistribuição externa.
vab_agropecuaria_ibge,VAB da agropecuária — último período IBGE,ibgeChoropleth,"IBGE, Produto Interno Bruto dos Municípios. Valor adicionado bruto setorial.",Consultar termos do IBGE,não,"visualização, captura ou download a partir de fonte remota",não verificada juridicamente neste release,A licença declarada e a proveniência devem ser conferidas na fonte primária antes de redistribuição externa.
vab_industria_ibge,VAB da indústria — último período IBGE,ibgeChoropleth,"IBGE, Produto Interno Bruto dos Municípios. Valor adicionado bruto setorial.",Consultar termos do IBGE,não,"visualização, captura ou download a partir de fonte remota",não verificada juridicamente neste release,A licença declarada e a proveniência devem ser conferidas na fonte primária antes de redistribuição externa.
vab_servicos_ibge,VAB dos serviços — último período IBGE,ibgeChoropleth,"IBGE, Produto Interno Bruto dos Municípios. Valor adicionado bruto setorial.",Consultar termos do IBGE,não,"visualização, captura ou download a partir de fonte remota",não verificada juridicamente neste release,A licença declarada e a proveniência devem ser conferidas na fonte primária antes de redistribuição externa.
vab_administracao_publica_ibge,VAB da administração pública — último período IBGE,ibgeChoropleth,"IBGE, Produto Interno Bruto dos Municípios. Valor adicionado bruto setorial.",Consultar termos do IBGE,não,"visualização, captura ou download a partir de fonte remota",não verificada juridicamente neste release,A licença declarada e a proveniência devem ser conferidas na fonte primária antes de redistribuição externa.
cadastur_hospedagem,Meios de hospedagem — Cadastur oficial por município,ckan,"Ministério do Turismo. Cadastur, conjunto de meios de hospedagem. Os registros são agregados por município para evitar exposição desnecessária de dados cadastrais individuais.","Open Database License, ODbL, conforme catálogo do Ministério do Turismo.",sim,cópia local ou produto derivado incluído no pacote,não verificada juridicamente neste release,A licença declarada e a proveniência devem ser conferidas na fonte primária antes de redistribuição externa.
cadastur_alimentacao,"Restaurantes, cafeterias e bares — Cadastur oficial por município",ckan,"Ministério do Turismo. Cadastur, conjunto Restaurantes, Cafeterias e Bares. O Atlas agrega os registros por município e não redistribui dados cadastrais individuais.","Open Data Commons Open Database License, ODbL, conforme catálogo do Ministério do Turismo.",não,"visualização, captura ou download a partir de fonte remota",não verificada juridicamente neste release,A licença declarada e a proveniência devem ser conferidas na fonte primária antes de redistribuição externa.
cadastur_agencias_guias,"Cadastur oficial — agências, guias e transportadoras por município",ckan,"Ministério do Turismo. Cadastur, agências, guias e transportadoras. Dados agregados por município e categoria; nomes, CPF, telefone, e-mail e endereços individuais não são publicados pelo atlas.","Open Database License, ODbL, conforme catálogo do Ministério do Turismo.",sim,cópia local ou produto derivado incluído no pacote,não verificada juridicamente neste release,A licença declarada e a proveniência devem ser conferidas na fonte primária antes de redistribuição externa.
centros_atendimento_turista,Centros e pontos de atendimento ao turista — FUNDTUR MS · corte 09/08/2026,embedded,FUNDTUR MS. Relação institucional de Centros de Atendimento ao Turista e pontos de atendimento publicada na página Informações Turísticas. A geometria do Atlas usa a sede municipal como referência e não a posição exata do equipamento.,Consultar termos de uso do Governo de Mato Grosso do Sul para a fonte institucional. A compilação autoral e a geometria representativa seguem os termos do projeto.,sim,cópia local ou produto derivado incluído no pacote,não verificada juridicamente neste release,A licença declarada e a proveniência devem ser conferidas na fonte primária antes de redistribuição externa.
turismo_rural_comunitario,"Referências cartográficas preliminares — Turismo rural, comunitário e propriedades de visitação",overpass,"Fundtur MS, Cadastur e inventários municipais Geometria capturada no OpenStreetMap e sujeita a validação institucional. Os resultados são pontos representativos do OpenStreetMap e não equivalem ao cadastro institucional.",ODbL 1.0 para a geometria OSM; validar termos das fontes institucionais,sim,cópia local ou produto derivado incluído no pacote,não verificada juridicamente neste release,A licença declarada e a proveniência devem ser conferidas na fonte primária antes de redistribuição externa.
regioes_municipios_turisticos,Regiões e municípios do Mapa do Turismo Brasileiro,external,"Ministério do Turismo, Programa de Regionalização do Turismo",ODbL conforme catálogo de dados abertos do Ministério do Turismo,não,referência ou importação externa,não verificada juridicamente neste release,A licença declarada e a proveniência devem ser conferidas na fonte primária antes de redistribuição externa.
ferrovias_operacao,Ferrovias concedidas em operação,arcgis,ANTT e Infra S.A.,Consultar licença ou termos da instituição responsável,sim,cópia local ou produto derivado incluído no pacote,não verificada juridicamente neste release,A licença declarada e a proveniência devem ser conferidas na fonte primária antes de redistribuição externa.
terminais_ferroviarios,Terminais e pátios ferroviários,arcgis,Infra S.A. e ANTT,Consultar licença ou termos da instituição responsável,sim,cópia local ou produto derivado incluído no pacote,não verificada juridicamente neste release,A licença declarada e a proveniência devem ser conferidas na fonte primária antes de redistribuição externa.
instalacoes_portuarias,"Portos, terminais e instalações portuárias",arcgis,ANTAQ e Infra S.A.,Consultar licença ou termos da instituição responsável,sim,cópia local ou produto derivado incluído no pacote,não verificada juridicamente neste release,A licença declarada e a proveniência devem ser conferidas na fonte primária antes de redistribuição externa.
hidrovia_paraguai_ven_antaq,Hidrovia do Paraguai e vias economicamente navegadas — ANTAQ,officialzip,"ANTAQ. Vias Interiores Economicamente Navegadas, VEN 2022, com recorte espacial de Mato Grosso do Sul. Deve ser distinguida do projeto de concessão de 600 km da Hidrovia do Rio Paraguai.",Conteúdo ANTAQ sob CC BY-ND 3.0 conforme portal; preservar atribuição e integridade da fonte.,sim,cópia local ou produto derivado incluído no pacote,não verificada juridicamente neste release,A licença declarada e a proveniência devem ser conferidas na fonte primária antes de redistribuição externa.
aeroportos_aerodromos,Aeroportos e aeródromos,arcgis,ANAC e Infra S.A.,Consultar licença ou termos da instituição responsável,sim,cópia local ou produto derivado incluído no pacote,não verificada juridicamente neste release,A licença declarada e a proveniência devem ser conferidas na fonte primária antes de redistribuição externa.
terminais_rodoviarios,Referências cartográficas preliminares — Estações e terminais rodoviários municipais,overpass,Captura espacial OpenStreetMap. Validação operacional pela AGEMS e municípios Os resultados são pontos representativos do OpenStreetMap e não equivalem ao cadastro institucional.,ODbL 1.0 para a geometria OSM; validar termos das fontes institucionais,sim,cópia local ou produto derivado incluído no pacote,não verificada juridicamente neste release,A licença declarada e a proveniência devem ser conferidas na fonte primária antes de redistribuição externa.
terminais_rodoviarios_fronteiras,"Referências cartográficas preliminares — Pontes, passagens e pontos de fronteira",overpass,"Infra S.A., DNIT e inventários municipais Geometria capturada no OpenStreetMap e sujeita a validação institucional. Os resultados são pontos representativos do OpenStreetMap e não equivalem ao cadastro institucional.",ODbL 1.0 para a geometria OSM; validar termos das fontes institucionais,sim,cópia local ou produto derivado incluído no pacote,não verificada juridicamente neste release,A licença declarada e a proveniência devem ser conferidas na fonte primária antes de redistribuição externa.
condicao_pavimento,"Condição do pavimento, obras e interrupções",external,DNIT Dados Abertos,Consultar licença ou termos da instituição responsável,não,referência ou importação externa,não verificada juridicamente neste release,A licença declarada e a proveniência devem ser conferidas na fonte primária antes de redistribuição externa.
concessoes_rodoviarias,Concessões rodoviárias e operação,arcgis,ANTT e Infra S.A.,Consultar licença ou termos da instituição responsável,sim,cópia local ou produto derivado incluído no pacote,não verificada juridicamente neste release,A licença declarada e a proveniência devem ser conferidas na fonte primária antes de redistribuição externa.
mapa_solos_ms,Mapa de solos de Mato Grosso do Sul 1:250.000,arcgisMap,IMASUL e PIN MS. Solos de Mato Grosso do Sul na escala 1:250.000,Consultar licença ou termos da instituição responsável,sim,cópia local ou produto derivado incluído no pacote,não verificada juridicamente neste release,A licença declarada e a proveniência devem ser conferidas na fonte primária antes de redistribuição externa.
mapa_fragilidade_ambiental_zae,Mapa de fragilidade ambiental,external,SEMADESC e Embrapa Solos. Produto do Zoneamento Agroecológico de Mato Grosso do Sul,Consultar licença ou termos da instituição responsável,não,referência ou importação externa,não verificada juridicamente neste release,A licença declarada e a proveniência devem ser conferidas na fonte primária antes de redistribuição externa.
mapa_vegetacao_original_radam,Mapa de vegetação original RADAM,arcgisMap,PIN MS e IBGE. Mapeamento estadual de vegetação RADAM,Consultar licença ou termos da instituição responsável,sim,cópia local ou produto derivado incluído no pacote,não verificada juridicamente neste release,A licença declarada e a proveniência devem ser conferidas na fonte primária antes de redistribuição externa.
uso_cobertura_solo,MapBiomas 10.1 — cobertura e uso da terra por município,officialxlsx,"MapBiomas Brasil. Estatísticas municipais da Coleção 10.1, 1985–2024, atualizadas em 19 de fevereiro de 2026. O atlas resume classes selecionadas por município.",Termos de uso MapBiomas e citação obrigatória da Coleção 10.1 e de seu DOI.,não,"visualização, captura ou download a partir de fonte remota",não verificada juridicamente neste release,A licença declarada e a proveniência devem ser conferidas na fonte primária antes de redistribuição externa.
mapa_mudancas_uso_solo,MapBiomas 10.1 — desmatamento e vegetação secundária,officialxlsx,"MapBiomas Brasil. Estatísticas de desmatamento da Coleção 10.1, 1987–2024, atualização de 8 de maio de 2026. O nível territorial disponível na planilha é preservado nos atributos.",Termos de uso MapBiomas e citação obrigatória da Coleção 10.1.,sim,cópia local ou produto derivado incluído no pacote,não verificada juridicamente neste release,A licença declarada e a proveniência devem ser conferidas na fonte primária antes de redistribuição externa.
mapa_macrozoneamento_zae,Macrozoneamento de solos e apoio ao ZAE,arcgisMap,SEMADESC e PIN MS. Macrozoneamento de solos e água disponível como apoio territorial ao ZAE,Consultar licença ou termos da instituição responsável,não,"visualização, captura ou download a partir de fonte remota",não verificada juridicamente neste release,A licença declarada e a proveniência devem ser conferidas na fonte primária antes de redistribuição externa.
mapa_zoneamento_agroecologico_ms,Zoneamento Agroecológico de Mato Grosso do Sul,external,"SEMADESC e Embrapa Solos. Zonas agroecológicas, aptidões e restrições territoriais",Consultar licença ou termos da instituição responsável,não,referência ou importação externa,não verificada juridicamente neste release,A licença declarada e a proveniência devem ser conferidas na fonte primária antes de redistribuição externa.
areas_exploratorias_influencia_cartografica,Áreas exploratórias de influência cartográfica,embedded,Produto exploratório e revisável derivado das propostas metodológicas do projeto de pesquisa,CC BY 4.0 para a compilação e os produtos autorais; manter atribuição e termos das fontes primárias,sim,cópia local ou produto derivado incluído no pacote,não verificada juridicamente neste release,A licença declarada e a proveniência devem ser conferidas na fonte primária antes de redistribuição externa.
artesanato_producao_tradicional,Referências cartográficas preliminares — Artesanato e produção tradicional,overpass,"Mapa da Cultura, BCR IPHAN e levantamentos comunitários Geometria capturada no OpenStreetMap e sujeita a validação institucional. Os resultados são pontos representativos do OpenStreetMap e não equivalem ao cadastro institucional.",ODbL 1.0 para a geometria OSM; validar termos das fontes institucionais,sim,cópia local ou produto derivado incluído no pacote,não verificada juridicamente neste release,A licença declarada e a proveniência devem ser conferidas na fonte primária antes de redistribuição externa.
gastronomia_mercados_feiras,"Gastronomia identitária, feiras, mercados e artesanato — referências preliminares",overpass,"Captura espacial OpenStreetMap para feiras, mercados, artesanato e produção local. Deve ser validada por inventários municipais, FUNDTUR MS, Mapa da Cultura e evidência territorial antes de ser tratada como gastronomia identitária.",ODbL 1.0 para a geometria OSM; validar termos das fontes institucionais,sim,cópia local ou produto derivado incluído no pacote,não verificada juridicamente neste release,A licença declarada e a proveniência devem ser conferidas na fonte primária antes de redistribuição externa.
unidades_saude,Estabelecimentos de saúde ativos — CNES oficial,cnesApi,"Ministério da Saúde, DEMAS, Cadastro Nacional de Estabelecimentos de Saúde — CNES. Captura explícita da API de dados abertos com filtro de Mato Grosso do Sul e status ativo.",API DEMAS publicada como dados abertos. Ver metadados e termos da fonte primária.,sim,cópia local ou produto derivado incluído no pacote,não verificada juridicamente neste release,A licença declarada e a proveniência devem ser conferidas na fonte primária antes de redistribuição externa.
bombeiros_seguranca,"Referências cartográficas preliminares — Bombeiros, polícia e pontos de segurança",overpass,"CBMMS, SEJUSP e Polícia Civil de Mato Grosso do Sul Geometria capturada no OpenStreetMap e sujeita a validação institucional. Os resultados são pontos representativos do OpenStreetMap e não equivalem ao cadastro institucional.",ODbL 1.0 para a geometria OSM; validar termos das fontes institucionais,sim,cópia local ou produto derivado incluído no pacote,não verificada juridicamente neste release,A licença declarada e a proveniência devem ser conferidas na fonte primária antes de redistribuição externa.
postos_combustivel_anp,Postos revendedores de combustíveis autorizados — ANP por município,external,"Agência Nacional do Petróleo, Gás Natural e Biocombustíveis — ANP. Dados cadastrais de revendedores varejistas de combustíveis automotivos em operação. A camada pública do Atlas agrega registros por município.",Consultar os termos da ANP e do portal gov.br aplicáveis ao arquivo. O Atlas preserva a atribuição e não redistribui CNPJ ou endereço individual nesta síntese.,sim,cópia local ou produto derivado incluído no pacote,não verificada juridicamente neste release,A licença declarada e a proveniência devem ser conferidas na fonte primária antes de redistribuição externa.
combustivel_oficinas_descanso,Oficinas e áreas de descanso — referências cartográficas preliminares,overpass,OpenStreetMap e levantamentos operacionais. A camada mantém oficinas e áreas de descanso como referências cartográficas preliminares. Postos de combustível são tratados separadamente pela base oficial da ANP.,ODbL 1.0 para a geometria OSM; validar termos das fontes institucionais,sim,cópia local ou produto derivado incluído no pacote,não verificada juridicamente neste release,A licença declarada e a proveniência devem ser conferidas na fonte primária antes de redistribuição externa.
acessibilidade_servicos,"Referências cartográficas preliminares — Acessibilidade, banheiros, água e serviços ao visitante",overpass,"Cadastur, equipamentos públicos e verificação de campo Geometria capturada no OpenStreetMap e sujeita a validação institucional. Os resultados são pontos representativos do OpenStreetMap e não equivalem ao cadastro institucional.",ODbL 1.0 para a geometria OSM; validar termos das fontes institucionais,sim,cópia local ou produto derivado incluído no pacote,não verificada juridicamente neste release,A licença declarada e a proveniência devem ser conferidas na fonte primária antes de redistribuição externa.
cobertura_telefonia_movel,"Cobertura de telefonia móvel 2G, 3G, 4G e 5G",external,"Anatel Mosaico SMP. Importação dos SHP oficiais por tecnologia, operadora e intensidade prevista",Consultar licença ou termos da instituição responsável,não,referência ou importação externa,não verificada juridicamente neste release,A licença declarada e a proveniência devem ser conferidas na fonte primária antes de redistribuição externa.
indice_exploratorio_disponibilidade_territorial,Índice exploratório de disponibilidade territorial e documental,embedded,Resultado estável v1.7.0 com fórmula e sensibilidade documentadas. Exclui rotas e produtos derivados para evitar circularidade,CC BY 4.0 para a compilação e os produtos autorais; manter atribuição e termos das fontes primárias,sim,cópia local ou produto derivado incluído no pacote,não verificada juridicamente neste release,A licença declarada e a proveniência devem ser conferidas na fonte primária antes de redistribuição externa.
trechos_itinerarios,Trechos esquemáticos derivados das propostas metodológicas,embedded,Segmentação cartográfica revisável dos 31 desenhos metodológicos do projeto de pesquisa,CC BY 4.0 para a compilação e os produtos autorais; manter atribuição e termos das fontes primárias,sim,cópia local ou produto derivado incluído no pacote,não verificada juridicamente neste release,A licença declarada e a proveniência devem ser conferidas na fonte primária antes de redistribuição externa.
pre_avaliacao_cartografica_itinerarios,Pré-avaliação cartográfica descritiva dos itinerários,embedded,Produto exploratório e revisável derivado das propostas metodológicas do projeto de pesquisa,CC BY 4.0 para a compilação e os produtos autorais; manter atribuição e termos das fontes primárias,sim,cópia local ou produto derivado incluído no pacote,não verificada juridicamente neste release,A licença declarada e a proveniência devem ser conferidas na fonte primária antes de redistribuição externa.
mapa_zee_ms,Zoneamento Ecológico Econômico de Mato Grosso do Sul,arcgisMap,IMASUL e PIN MS. ZEE MS disponível no serviço cartográfico estadual,Consultar licença ou termos da instituição responsável,sim,cópia local ou produto derivado incluído no pacote,não verificada juridicamente neste release,A licença declarada e a proveniência devem ser conferidas na fonte primária antes de redistribuição externa.
vulnerabilidade_territorial_censo_2022,Vulnerabilidade territorial — índice em desenho metodológico,external,"O Censo 2022 fornece indicadores de base. O Atlas não apresenta ainda um índice de vulnerabilidade calculado, para evitar atribuição composta sem método validado.",Dados de base segundo termos do IBGE,não,referência ou importação externa,não verificada juridicamente neste release,A licença declarada e a proveniência devem ser conferidas na fonte primária antes de redistribuição externa.
populacao_censo_2022_ms,População municipal — Censo 2022,ibgeChoropleth,"IBGE, Censo Demográfico 2022. População residente por município.",Consultar termos do IBGE,sim,cópia local ou produto derivado incluído no pacote,não verificada juridicamente neste release,A licença declarada e a proveniência devem ser conferidas na fonte primária antes de redistribuição externa.
corredores_exploratorios_aprofundamento,Eixos exploratórios para aprofundamento,embedded,Produto exploratório e revisável derivado das propostas metodológicas do projeto de pesquisa,CC BY 4.0 para a compilação e os produtos autorais; manter atribuição e termos das fontes primárias,sim,cópia local ou produto derivado incluído no pacote,não verificada juridicamente neste release,A licença declarada e a proveniência devem ser conferidas na fonte primária antes de redistribuição externa.
riscos_sazonalidade,"Riscos, sazonalidade e restrições operacionais — protocolo de fontes",external,"Defesa Civil de MS, monitoramento ambiental, planos de manejo e validação de campo. Não existe uma única geometria que represente conjuntamente todas essas restrições.",Consultar termos das instituições responsáveis,não,referência ou importação externa,não verificada juridicamente neste release,A licença declarada e a proveniência devem ser conferidas na fonte primária antes de redistribuição externa.
risco_fogo_observado_ms,Risco de fogo observado — IMASUL/INPE,external,IMASUL/PIN MS com dados do INPE. Risco de fogo observado em serviço oficial dinâmico.,Consultar termos do PIN MS/IMASUL/INPE,sim,cópia local ou produto derivado incluído no pacote,não verificada juridicamente neste release,A licença declarada e a proveniência devem ser conferidas na fonte primária antes de redistribuição externa.
estacoes_meteorologicas_inmet_cemaden,Estações meteorológicas e pluviométricas — INMET/CEMADEN,external,PIN MS. Estações meteorológicas INMET e pluviométricas/CEMADEN em serviço oficial.,Consultar termos das instituições responsáveis,sim,cópia local ou produto derivado incluído no pacote,não verificada juridicamente neste release,A licença declarada e a proveniência devem ser conferidas na fonte primária antes de redistribuição externa.
acessibilidade_rodoviaria_estimada_rotas_base_externa,Acessibilidade rodoviária estimada das rotas com base externa,derived,Cálculo científico sob demanda com OSRM e rede OpenStreetMap para 7 rotas com base institucional ou documental direta e 2 propostas híbridas.,Geometria derivada de OpenStreetMap sob ODbL 1.0; atributos metodológicos autorais sob CC BY 4.0,não,produto derivado pelo código do projeto,não verificada juridicamente neste release,A licença declarada e a proveniência devem ser conferidas na fonte primária antes de redistribuição externa.
interacoes_rotas_unidades_conservacao,Interações exploratórias entre rotas e unidades de conservação,derived,Cruzamento geométrico em sessão entre propostas metodológicas de rotas e polígonos CNUC carregados.,CC BY 4.0 para atributos metodológicos; geometrias e atributos de origem mantêm os termos do CNUC,não,produto derivado pelo código do projeto,não verificada juridicamente neste release,A licença declarada e a proveniência devem ser conferidas na fonte primária antes de redistribuição externa.
cavidades_proximas_rotas_estudo,Cavidades próximas às rotas em estudo,derived,Cálculo em sessão da menor distância entre cavidades CANIE e os traçados esquemáticos das rotas. Limiar exploratório de 50 km.,CC BY 4.0 para atributos metodológicos; dados CANIE mantêm atribuição e limitações da fonte,não,produto derivado pelo código do projeto,não verificada juridicamente neste release,A licença declarada e a proveniência devem ser conferidas na fonte primária antes de redistribuição externa.
cavidades_em_unidades_conservacao,Cavidades registradas em unidades de conservação,derived,Cruzamento pontual em sessão entre cavidades CANIE e polígonos CNUC carregados.,CC BY 4.0 para atributos metodológicos; fontes CNUC e CANIE conservam seus termos,não,produto derivado pelo código do projeto,não verificada juridicamente neste release,A licença declarada e a proveniência devem ser conferidas na fonte primária antes de redistribuição externa.
inventario_geocientifico_fase3,Inventário geocientífico consolidado da Fase 3,embedded,Inventário conciliado com 124 unidades espaciais e 42 complexos,CC BY 4.0 para a compilação. Fontes primárias mantêm seus termos,sim,cópia local ou produto derivado incluído no pacote,não verificada juridicamente neste release,A licença declarada e a proveniência devem ser conferidas na fonte primária antes de redistribuição externa.
ativacao_geocientifica_extensao,"Ativação geocientífica, educação e extensão documentadas",embedded,UFMS e documentação científica da experiência de Rio Verde de Mato Grosso,CC BY 4.0 para a compilação. Fontes originais mantêm seus termos,sim,cópia local ou produto derivado incluído no pacote,não verificada juridicamente neste release,A licença declarada e a proveniência devem ser conferidas na fonte primária antes de redistribuição externa.
potencial_geocientifico_territorial_250km2,IPG — Potencial geocientífico territorial documentado — 250 km²,embedded,"Resultado estável da Fase 3.2. Fórmula única IPG100 = 100 × (0,40 Dn + 0,35 Qn + 0,25 Cn)","CC BY 4.0 para geometria, atributos e metodologia autorais. Fontes primárias mantêm seus termos",sim,cópia local ou produto derivado incluído no pacote,não verificada juridicamente neste release,A licença declarada e a proveniência devem ser conferidas na fonte primária antes de redistribuição externa.
limite_operacional_ipg_fase3,Limite operacional de contingência da Fase 3.2,embedded,Envoltória local das 79 sedes municipais e registros usada somente para continuidade operacional offline,CC BY 4.0 para a geometria derivada,sim,cópia local ou produto derivado incluído no pacote,não verificada juridicamente neste release,A licença declarada e a proveniência devem ser conferidas na fonte primária antes de redistribuição externa.
polos_estruturantes_itinerarios_culturais_250km2,Estruturação cultural documentada para itinerários — 250 km²,derived,PEIC cultural independente das rotas. Inclui como dimensão corrente as 108 festas/celebrações recorrentes; sede municipal é proxy territorial quando não há local mais específico.,"CC BY 4.0 para geometria, atributos e metodologia autorais; fontes de entrada conservam seus termos.",não,produto derivado pelo código do projeto,não verificada juridicamente neste release,A licença declarada e a proveniência devem ser conferidas na fonte primária antes de redistribuição externa.
articulacao_itinerarios_peic_rotas_250km2,Articulação territorial de itinerários — PEIC + convergência de rotas — 250 km²,derived,Camada combinada IATI. Integra 70% do PEIC cultural — já alimentado pelo inventário recorrente de 108 celebrações — e 30% da convergência cartográfica das 32 rotas propostas.,"CC BY 4.0 para geometria, atributos e metodologia autorais. Fontes primárias mantêm seus termos",não,produto derivado pelo código do projeto,não verificada juridicamente neste release,A licença declarada e a proveniência devem ser conferidas na fonte primária antes de redistribuição externa.
iat_rodovias_estaduais_pavimentadas,Fonte IAT — rodovias estaduais pavimentadas e duplicadas,arcgis,"AGESUL/PIN MS — SRE_2024, camada vetorial pública disponível no serviço estadual",não declarada na configuração,sim,cópia local ou produto derivado incluído no pacote,não verificada juridicamente neste release,A licença declarada e a proveniência devem ser conferidas na fonte primária antes de redistribuição externa.
isa_uc_ms,Fonte ISA — mosaico de unidades de conservação,arcgis,IMASUL/PIN MS — Mosaico_UCs_MS,não declarada na configuração,sim,cópia local ou produto derivado incluído no pacote,não verificada juridicamente neste release,A licença declarada e a proveniência devem ser conferidas na fonte primária antes de redistribuição externa.
isa_za_ms,Fonte ISA — zonas de amortecimento,arcgis,IMASUL/PIN MS — ZA_MS,não declarada na configuração,sim,cópia local ou produto derivado incluído no pacote,não verificada juridicamente neste release,A licença declarada e a proveniência devem ser conferidas na fonte primária antes de redistribuição externa.
isa_corredores_ecologicos,Fonte ISA — corredores ecológicos,arcgis,IMASUL/PIN MS — corredores_ecologicos,não declarada na configuração,sim,cópia local ou produto derivado incluído no pacote,não verificada juridicamente neste release,A licença declarada e a proveniência devem ser conferidas na fonte primária antes de redistribuição externa.
isa_uso_restrito,Fonte ISA — áreas de uso restrito,arcgis,IMASUL/PIN MS — Areas_Uso_Restrito_Decreto_Normativo_15661,não declarada na configuração,sim,cópia local ou produto derivado incluído no pacote,não verificada juridicamente neste release,A licença declarada e a proveniência devem ser conferidas na fonte primária antes de redistribuição externa.
isa_aur_pantanal,Fonte ISA — área de uso restrito do Pantanal,arcgis,IMASUL/PIN MS — AUR_Pantanal_LEI_6160_DE_18122023,não declarada na configuração,sim,cópia local ou produto derivado incluído no pacote,não verificada juridicamente neste release,A licença declarada e a proveniência devem ser conferidas na fonte primária antes de redistribuição externa.
iat_acessibilidade_territorial_250km2,IAT — Acessibilidade territorial — 250 km²,derived,"IAT-01 operacional. Índice de acessibilidade territorial independente do IPG geocientífico. Usa rodovias, estradas vicinais, sedes municipais, aeroportos e ferrovias.",não declarada na configuração,não,produto derivado pelo código do projeto,não verificada juridicamente neste release,A licença declarada e a proveniência devem ser conferidas na fonte primária antes de redistribuição externa.
isa_sensibilidade_ambiental_250km2,ISA — Sensibilidade ambiental — 250 km²,derived,"ISA-01 operacional. UCs, zonas de amortecimento, corredores ecológicos e áreas de uso restrito oficiais.",não declarada na configuração,não,produto derivado pelo código do projeto,não verificada juridicamente neste release,A licença declarada e a proveniência devem ser conferidas na fonte primária antes de redistribuição externa.
ict_capacidade_turistica_250km2,ICT — Capacidade de acolhimento e serviços ao visitante — 250 km²,derived,"ICT em revisão metodológica antes da materialização do corte. A versão ampliada deverá considerar hospedagem, alimentação formal, atendimento ao turista e serviços de apoio com cobertura documentada.",não declarada na configuração,não,produto derivado pelo código do projeto,não verificada juridicamente neste release,A licença declarada e a proveniência devem ser conferidas na fonte primária antes de redistribuição externa.
ipae_articulacao_educativa_250km2,IPAE — Potencial de articulação educativa — 250 km²,derived,"IPAE-01 operacional. Escolas, ensino superior, museus e bibliotecas/arquivos, com contagem e proximidade.",não declarada na configuração,não,produto derivado pelo código do projeto,não verificada juridicamente neste release,A licença declarada e a proveniência devem ser conferidas na fonte primária antes de redistribuição externa.
icd_cobertura_qualidade_dados_250km2,ICD — Cobertura e qualidade dos dados — 250 km²,derived,"ICD-01 operacional. Completude, atualidade, precisão posicional, completude temática e rastreabilidade dos módulos territoriais.",não declarada na configuração,não,produto derivado pelo código do projeto,não verificada juridicamente neste release,A licença declarada e a proveniência devem ser conferidas na fonte primária antes de redistribuição externa.
rotas_prici_maturidade_v1_8_0,Maturidade e alinhamento metodológico PRICI — 32 itinerários,embedded,Base atributiva interna das fichas PRICI; não é exibida como camada linear.,CC BY 4.0 para os atributos metodológicos autorais; Manual e fontes mantêm seus próprios termos,sim,cópia local ou produto derivado incluído no pacote,não verificada juridicamente neste release,A licença declarada e a proveniência devem ser conferidas na fonte primária antes de redistribuição externa.
maturidade_rotas_hex_250km2_v1_8_0,Maturidade científica das rotas por hexágono — referência PRICI,embedded,Atlas MS. Síntese espacial da maturidade científica interna das 32 rotas sobre a malha de 250 km². Não é pontuação ou certificação PRICI/OEI.,CC BY 4.0 para os atributos metodológicos autorais,sim,cópia local ou produto derivado incluído no pacote,não verificada juridicamente neste release,A licença declarada e a proveniência devem ser conferidas na fonte primária antes de redistribuição externa.
indice_cenario_sessao,Cenário temporário calculado com camadas carregadas,derived,Cálculo opcional da sessão. Não altera o índice estável e não incorpora automaticamente as rotas em estudo,CC BY 4.0 para os produtos autorais do projeto,não,produto derivado pelo código do projeto,não verificada juridicamente neste release,A licença declarada e a proveniência devem ser conferidas na fonte primária antes de redistribuição externa.
dados_usuario,Dados importados pelo usuário,import,"Arquivo fornecido pelo usuário. O atlas não valida conteúdo, licença ou precisão",Responsabilidade do usuário,não,referência externa,não verificada juridicamente neste release,A licença declarada e a proveniência devem ser conferidas na fonte primária antes de redistribuição externa.
recorte_poluicao_luminosa_ms_referencia_usuario,Radiância noturna 2016 · NASA Black Marble · captura 09/08/2026,xyzTile,NASA EOSDIS GIBS · Suomi NPP/VIIRS Black Marble. Recorte visual limitado à área de Mato Grosso do Sul. Captura de referência registrada em 09/08/2026.,Manter atribuição NASA EOSDIS GIBS e VNP46A4,sim,cópia local ou produto derivado incluído no pacote,não verificada juridicamente neste release,A licença declarada e a proveniência devem ser conferidas na fonte primária antes de redistribuição externa.
nasa_black_marble_2016,Mapa fixo de referência 2016 — luz artificial noturna (NASA Black Marble),xyzTile,"NASA EOSDIS GIBS — Black Marble 2016, Suomi NPP/VIIRS. Camada cartográfica fixa para orientação territorial de gestores; representa emissão luminosa noturna, não skyglow.",NASA Earthdata/GIBS; manter atribuição da fonte,sim,cópia local ou produto derivado incluído no pacote,não verificada juridicamente neste release,A licença declarada e a proveniência devem ser conferidas na fonte primária antes de redistribuição externa.
skyglow_falchi_2016,Skyglow · World Atlas 2016 · captura 09/08/2026,kmzRemote,Falchi et al. 2016 · New World Atlas of Artificial Night Sky Brightness · GFZ Data Services · DOI 10.5880/GFZ.1.4.2016.001. KMZ oficial carregado diretamente no Atlas. Captura de referência registrada em 09/08/2026.,CC BY-NC 4.0,sim,cópia local ou produto derivado incluído no pacote,não verificada juridicamente neste release,A licença declarada e a proveniência devem ser conferidas na fonte primária antes de redistribuição externa.
viirs_eog_v22_2024,Radiância noturna VIIRS 2024 · captura 09/08/2026,cogRemote,"Earth Observation Group · Annual VIIRS Nighttime Lights V2.2, ano 2024. Visualização no Atlas a partir de COG distribuído por OpenGeoHub em Zenodo, derivado da série Annual VNL V2. Captura de referência registrada em 09/08/2026.",Dados EOG em domínio público. Ver metadados do registro Zenodo para a distribuição COG.,sim,cópia local ou produto derivado incluído no pacote,não verificada juridicamente neste release,A licença declarada e a proveniência devem ser conferidas na fonte primária antes de redistribuição externa.
